<?xml version="1.0" encoding="utf-8"?>
<game_info>
	<required_gb>50</required_gb>
	<bhd5_game>EldenRing</bhd5_game>
	<archives>
		<archive>Data0</archive>
		<archive>Data1</archive>
		<archive>Data2</archive>
		<archive>Data3</archive>
		<archive>DLC</archive>
		<archive>sd\sd</archive>
		<archive>sd\sd_dlc02</archive>
	</archives>
	<backup_dirs>
		<backup>sd</backup>
	</backup_dirs>
	<delete_dirs>
		<delete>_unknown</delete>
		<delete>asset</delete>
		<delete>action</delete>
		<delete>chr</delete>
		<delete>cutscene</delete>
		<delete>event</delete>
		<delete>expression</delete>
		<delete>facegen</delete>
		<delete>font</delete>
		<delete>map</delete>
		<delete>material</delete>
		<delete>mtd</delete>
		<delete>menu</delete>
		<delete>msg</delete>
		<delete>other</delete>
		<delete>param</delete>
		<delete>parts</delete>
		<delete>script</delete>
		<delete>sound</delete>
		<delete>sfx</delete>
		<delete>shader</delete>
	</delete_dirs>
	<replacements>
		<replacement>data0:/</replacement>
		<replacement>data1:/</replacement>
		<replacement>data2:/</replacement>
		<replacement>data3:/</replacement>
		<replacement>dlc:/</replacement>
		<replacement>sd:/</replacement>
		<replacement>sd_dlc02:/</replacement>
	</replacements>
</game_info>