﻿<?xml version="1.0" encoding="utf-8"?>
<PARAMDEF XmlVersion="2">
  <ParamType>AI_ODDS_PARAM</ParamType>
  <DataVersion>1</DataVersion>
  <BigEndian>False</BigEndian>
  <Unicode>True</Unicode>
  <FormatVersion>203</FormatVersion>
  <Fields>
    <Field Def="u8 act0">
      <DisplayName>アクション0</DisplayName>
      <Description>アクション0の比率</Description>
      <Maximum>100</Maximum>
      <SortID>1</SortID>
    </Field>
    <Field Def="u8 act1">
      <DisplayName>アクション1</DisplayName>
      <Description>アクション1の比率</Description>
      <Maximum>100</Maximum>
      <SortID>2</SortID>
    </Field>
    <Field Def="u8 act2">
      <DisplayName>アクション2</DisplayName>
      <Description>アクション2の比率</Description>
      <Maximum>100</Maximum>
      <SortID>3</SortID>
    </Field>
    <Field Def="u8 act3">
      <DisplayName>アクション3</DisplayName>
      <Description>アクション3の比率</Description>
      <Maximum>100</Maximum>
      <SortID>4</SortID>
    </Field>
    <Field Def="u8 act4">
      <DisplayName>アクション4</DisplayName>
      <Description>アクション4の比率</Description>
      <Maximum>100</Maximum>
      <SortID>5</SortID>
    </Field>
    <Field Def="u8 act5">
      <DisplayName>アクション5</DisplayName>
      <Description>アクション5の比率</Description>
      <Maximum>100</Maximum>
      <SortID>6</SortID>
    </Field>
    <Field Def="u8 act6">
      <DisplayName>アクション6</DisplayName>
      <Description>アクション6の比率</Description>
      <Maximum>100</Maximum>
      <SortID>7</SortID>
    </Field>
    <Field Def="u8 act7">
      <DisplayName>アクション7</DisplayName>
      <Description>アクション7の比率</Description>
      <Maximum>100</Maximum>
      <SortID>8</SortID>
    </Field>
    <Field Def="u8 act8">
      <DisplayName>アクション8</DisplayName>
      <Description>アクション8の比率</Description>
      <Maximum>100</Maximum>
      <SortID>9</SortID>
    </Field>
    <Field Def="u8 act9">
      <DisplayName>アクション9</DisplayName>
      <Description>アクション9の比率</Description>
      <Maximum>100</Maximum>
      <SortID>10</SortID>
    </Field>
    <Field Def="u8 act10">
      <DisplayName>アクション10</DisplayName>
      <Description>アクション10の比率</Description>
      <Maximum>100</Maximum>
      <SortID>11</SortID>
    </Field>
    <Field Def="u8 act11">
      <DisplayName>アクション11</DisplayName>
      <Description>アクション11の比率</Description>
      <Maximum>100</Maximum>
      <SortID>12</SortID>
    </Field>
    <Field Def="u8 act12">
      <DisplayName>アクション12</DisplayName>
      <Description>アクション12の比率</Description>
      <Maximum>100</Maximum>
      <SortID>13</SortID>
    </Field>
    <Field Def="u8 act13">
      <DisplayName>アクション13</DisplayName>
      <Description>アクション13の比率</Description>
      <Maximum>100</Maximum>
      <SortID>14</SortID>
    </Field>
    <Field Def="u8 act14">
      <DisplayName>アクション14</DisplayName>
      <Description>アクション14の比率</Description>
      <Maximum>100</Maximum>
      <SortID>15</SortID>
    </Field>
    <Field Def="u8 act15">
      <DisplayName>アクション15</DisplayName>
      <Description>アクション15の比率</Description>
      <Maximum>100</Maximum>
      <SortID>16</SortID>
    </Field>
    <Field Def="u8 act16">
      <DisplayName>アクション16</DisplayName>
      <Description>アクション16の比率</Description>
      <Maximum>100</Maximum>
      <SortID>17</SortID>
    </Field>
    <Field Def="u8 act17">
      <DisplayName>アクション17</DisplayName>
      <Description>アクション17の比率</Description>
      <Maximum>100</Maximum>
      <SortID>18</SortID>
    </Field>
    <Field Def="u8 act18">
      <DisplayName>アクション18</DisplayName>
      <Description>アクション18の比率</Description>
      <Maximum>100</Maximum>
      <SortID>19</SortID>
    </Field>
    <Field Def="u8 act19">
      <DisplayName>アクション19</DisplayName>
      <Description>アクション19の比率</Description>
      <Maximum>100</Maximum>
      <SortID>20</SortID>
    </Field>
    <Field Def="u8 act20">
      <DisplayName>アクション20</DisplayName>
      <Description>アクション20の比率</Description>
      <Maximum>100</Maximum>
      <SortID>21</SortID>
    </Field>
    <Field Def="u8 act21">
      <DisplayName>アクション21</DisplayName>
      <Description>アクション21の比率</Description>
      <Maximum>100</Maximum>
      <SortID>22</SortID>
    </Field>
    <Field Def="u8 act22">
      <DisplayName>アクション22</DisplayName>
      <Description>アクション22の比率</Description>
      <Maximum>100</Maximum>
      <SortID>23</SortID>
    </Field>
    <Field Def="u8 act23">
      <DisplayName>アクション23</DisplayName>
      <Description>アクション23の比率</Description>
      <Maximum>100</Maximum>
      <SortID>24</SortID>
    </Field>
    <Field Def="u8 act24">
      <DisplayName>アクション24</DisplayName>
      <Description>アクション24の比率</Description>
      <Maximum>100</Maximum>
      <SortID>25</SortID>
    </Field>
    <Field Def="u8 act25">
      <DisplayName>アクション25</DisplayName>
      <Description>アクション25の比率</Description>
      <Maximum>100</Maximum>
      <SortID>26</SortID>
    </Field>
    <Field Def="u8 act26">
      <DisplayName>アクション26</DisplayName>
      <Description>アクション26の比率</Description>
      <Maximum>100</Maximum>
      <SortID>27</SortID>
    </Field>
    <Field Def="u8 act27">
      <DisplayName>アクション27</DisplayName>
      <Description>アクション27の比率</Description>
      <Maximum>100</Maximum>
      <SortID>28</SortID>
    </Field>
    <Field Def="u8 act28">
      <DisplayName>アクション28</DisplayName>
      <Description>アクション28の比率</Description>
      <Maximum>100</Maximum>
      <SortID>29</SortID>
    </Field>
    <Field Def="u8 act29">
      <DisplayName>アクション29</DisplayName>
      <Description>アクション29の比率</Description>
      <Maximum>100</Maximum>
      <SortID>30</SortID>
    </Field>
    <Field Def="u8 act30">
      <DisplayName>アクション30</DisplayName>
      <Description>アクション30の比率</Description>
      <Maximum>100</Maximum>
      <SortID>31</SortID>
    </Field>
    <Field Def="u8 act31">
      <DisplayName>アクション31</DisplayName>
      <Description>アクション31の比率</Description>
      <Maximum>100</Maximum>
      <SortID>32</SortID>
    </Field>
    <Field Def="u8 act32">
      <DisplayName>アクション32</DisplayName>
      <Description>アクション32の比率</Description>
      <Maximum>100</Maximum>
      <SortID>33</SortID>
    </Field>
    <Field Def="u8 act33">
      <DisplayName>アクション33</DisplayName>
      <Description>アクション33の比率</Description>
      <Maximum>100</Maximum>
      <SortID>34</SortID>
    </Field>
    <Field Def="u8 act34">
      <DisplayName>アクション34</DisplayName>
      <Description>アクション34の比率</Description>
      <Maximum>100</Maximum>
      <SortID>35</SortID>
    </Field>
    <Field Def="u8 act35">
      <DisplayName>アクション35</DisplayName>
      <Description>アクション35の比率</Description>
      <Maximum>100</Maximum>
      <SortID>36</SortID>
    </Field>
    <Field Def="u8 act36">
      <DisplayName>アクション36</DisplayName>
      <Description>アクション36の比率</Description>
      <Maximum>100</Maximum>
      <SortID>37</SortID>
    </Field>
    <Field Def="u8 act37">
      <DisplayName>アクション37</DisplayName>
      <Description>アクション37の比率</Description>
      <Maximum>100</Maximum>
      <SortID>38</SortID>
    </Field>
    <Field Def="u8 act38">
      <DisplayName>アクション38</DisplayName>
      <Description>アクション38の比率</Description>
      <Maximum>100</Maximum>
      <SortID>39</SortID>
    </Field>
    <Field Def="u8 act39">
      <DisplayName>アクション39</DisplayName>
      <Description>アクション39の比率</Description>
      <Maximum>100</Maximum>
      <SortID>40</SortID>
    </Field>
    <Field Def="u8 act40">
      <DisplayName>アクション40</DisplayName>
      <Description>アクション40の比率</Description>
      <Maximum>100</Maximum>
      <SortID>41</SortID>
    </Field>
    <Field Def="u8 act41">
      <DisplayName>アクション41</DisplayName>
      <Description>アクション41の比率</Description>
      <Maximum>100</Maximum>
      <SortID>42</SortID>
    </Field>
    <Field Def="u8 act42">
      <DisplayName>アクション42</DisplayName>
      <Description>アクション42の比率</Description>
      <Maximum>100</Maximum>
      <SortID>43</SortID>
    </Field>
    <Field Def="u8 act43">
      <DisplayName>アクション43</DisplayName>
      <Description>アクション43の比率</Description>
      <Maximum>100</Maximum>
      <SortID>44</SortID>
    </Field>
    <Field Def="u8 act44">
      <DisplayName>アクション44</DisplayName>
      <Description>アクション44の比率</Description>
      <Maximum>100</Maximum>
      <SortID>45</SortID>
    </Field>
    <Field Def="u8 act45">
      <DisplayName>アクション45</DisplayName>
      <Description>アクション45の比率</Description>
      <Maximum>100</Maximum>
      <SortID>46</SortID>
    </Field>
    <Field Def="u8 act46">
      <DisplayName>アクション46</DisplayName>
      <Description>アクション46の比率</Description>
      <Maximum>100</Maximum>
      <SortID>47</SortID>
    </Field>
    <Field Def="u8 act47">
      <DisplayName>アクション47</DisplayName>
      <Description>アクション47の比率</Description>
      <Maximum>100</Maximum>
      <SortID>48</SortID>
    </Field>
    <Field Def="u8 act48">
      <DisplayName>アクション48</DisplayName>
      <Description>アクション48の比率</Description>
      <Maximum>100</Maximum>
      <SortID>49</SortID>
    </Field>
    <Field Def="u8 act49">
      <DisplayName>アクション49</DisplayName>
      <Description>アクション49の比率</Description>
      <Maximum>100</Maximum>
      <SortID>50</SortID>
    </Field>
    <Field Def="u8 act50">
      <DisplayName>アクション50</DisplayName>
      <Description>アクション50の比率</Description>
      <Maximum>100</Maximum>
      <SortID>51</SortID>
    </Field>
    <Field Def="u8 act51">
      <DisplayName>アクション51</DisplayName>
      <Description>アクション51の比率</Description>
      <Maximum>100</Maximum>
      <SortID>52</SortID>
    </Field>
    <Field Def="u8 act52">
      <DisplayName>アクション52</DisplayName>
      <Description>アクション52の比率</Description>
      <Maximum>100</Maximum>
      <SortID>53</SortID>
    </Field>
    <Field Def="u8 act53">
      <DisplayName>アクション53</DisplayName>
      <Description>アクション53の比率</Description>
      <Maximum>100</Maximum>
      <SortID>54</SortID>
    </Field>
    <Field Def="u8 act54">
      <DisplayName>アクション54</DisplayName>
      <Description>アクション54の比率</Description>
      <Maximum>100</Maximum>
      <SortID>55</SortID>
    </Field>
    <Field Def="u8 act55">
      <DisplayName>アクション55</DisplayName>
      <Description>アクション55の比率</Description>
      <Maximum>100</Maximum>
      <SortID>56</SortID>
    </Field>
    <Field Def="u8 act56">
      <DisplayName>アクション56</DisplayName>
      <Description>アクション56の比率</Description>
      <Maximum>100</Maximum>
      <SortID>57</SortID>
    </Field>
    <Field Def="u8 act57">
      <DisplayName>アクション57</DisplayName>
      <Description>アクション57の比率</Description>
      <Maximum>100</Maximum>
      <SortID>58</SortID>
    </Field>
    <Field Def="u8 act58">
      <DisplayName>アクション58</DisplayName>
      <Description>アクション58の比率</Description>
      <Maximum>100</Maximum>
      <SortID>59</SortID>
    </Field>
    <Field Def="u8 act59">
      <DisplayName>アクション59</DisplayName>
      <Description>アクション59の比率</Description>
      <Maximum>100</Maximum>
      <SortID>60</SortID>
    </Field>
    <Field Def="u8 act60">
      <DisplayName>アクション60</DisplayName>
      <Description>アクション60の比率</Description>
      <Maximum>100</Maximum>
      <SortID>61</SortID>
    </Field>
    <Field Def="u8 act61">
      <DisplayName>アクション61</DisplayName>
      <Description>アクション61の比率</Description>
      <Maximum>100</Maximum>
      <SortID>62</SortID>
    </Field>
    <Field Def="u8 act62">
      <DisplayName>アクション62</DisplayName>
      <Description>アクション62の比率</Description>
      <Maximum>100</Maximum>
      <SortID>63</SortID>
    </Field>
    <Field Def="u8 act63">
      <DisplayName>アクション63</DisplayName>
      <Description>アクション63の比率</Description>
      <Maximum>100</Maximum>
      <SortID>64</SortID>
    </Field>
    <Field Def="u8 act64">
      <DisplayName>アクション64</DisplayName>
      <Description>アクション64の比率</Description>
      <Maximum>100</Maximum>
      <SortID>65</SortID>
    </Field>
    <Field Def="u8 act65">
      <DisplayName>アクション65</DisplayName>
      <Description>アクション65の比率</Description>
      <Maximum>100</Maximum>
      <SortID>66</SortID>
    </Field>
    <Field Def="u8 act66">
      <DisplayName>アクション66</DisplayName>
      <Description>アクション66の比率</Description>
      <Maximum>100</Maximum>
      <SortID>67</SortID>
    </Field>
    <Field Def="u8 act67">
      <DisplayName>アクション67</DisplayName>
      <Description>アクション67の比率</Description>
      <Maximum>100</Maximum>
      <SortID>68</SortID>
    </Field>
    <Field Def="u8 act68">
      <DisplayName>アクション68</DisplayName>
      <Description>アクション68の比率</Description>
      <Maximum>100</Maximum>
      <SortID>69</SortID>
    </Field>
    <Field Def="u8 act69">
      <DisplayName>アクション69</DisplayName>
      <Description>アクション69の比率</Description>
      <Maximum>100</Maximum>
      <SortID>70</SortID>
    </Field>
    <Field Def="u8 act70">
      <DisplayName>アクション70</DisplayName>
      <Description>アクション70の比率</Description>
      <Maximum>100</Maximum>
      <SortID>71</SortID>
    </Field>
    <Field Def="u8 act71">
      <DisplayName>アクション71</DisplayName>
      <Description>アクション71の比率</Description>
      <Maximum>100</Maximum>
      <SortID>72</SortID>
    </Field>
    <Field Def="u8 act72">
      <DisplayName>アクション72</DisplayName>
      <Description>アクション72の比率</Description>
      <Maximum>100</Maximum>
      <SortID>73</SortID>
    </Field>
    <Field Def="u8 act73">
      <DisplayName>アクション73</DisplayName>
      <Description>アクション73の比率</Description>
      <Maximum>100</Maximum>
      <SortID>74</SortID>
    </Field>
    <Field Def="u8 act74">
      <DisplayName>アクション74</DisplayName>
      <Description>アクション74の比率</Description>
      <Maximum>100</Maximum>
      <SortID>75</SortID>
    </Field>
    <Field Def="u8 act75">
      <DisplayName>アクション75</DisplayName>
      <Description>アクション75の比率</Description>
      <Maximum>100</Maximum>
      <SortID>76</SortID>
    </Field>
    <Field Def="u8 act76">
      <DisplayName>アクション76</DisplayName>
      <Description>アクション76の比率</Description>
      <Maximum>100</Maximum>
      <SortID>77</SortID>
    </Field>
    <Field Def="u8 act77">
      <DisplayName>アクション77</DisplayName>
      <Description>アクション77の比率</Description>
      <Maximum>100</Maximum>
      <SortID>78</SortID>
    </Field>
    <Field Def="u8 act78">
      <DisplayName>アクション78</DisplayName>
      <Description>アクション78の比率</Description>
      <Maximum>100</Maximum>
      <SortID>79</SortID>
    </Field>
    <Field Def="u8 act79">
      <DisplayName>アクション79</DisplayName>
      <Description>アクション79の比率</Description>
      <Maximum>100</Maximum>
      <SortID>80</SortID>
    </Field>
    <Field Def="u8 act80">
      <DisplayName>アクション80</DisplayName>
      <Description>アクション80の比率</Description>
      <Maximum>100</Maximum>
      <SortID>81</SortID>
    </Field>
    <Field Def="u8 act81">
      <DisplayName>アクション81</DisplayName>
      <Description>アクション81の比率</Description>
      <Maximum>100</Maximum>
      <SortID>82</SortID>
    </Field>
    <Field Def="u8 act82">
      <DisplayName>アクション82</DisplayName>
      <Description>アクション82の比率</Description>
      <Maximum>100</Maximum>
      <SortID>83</SortID>
    </Field>
    <Field Def="u8 act83">
      <DisplayName>アクション83</DisplayName>
      <Description>アクション83の比率</Description>
      <Maximum>100</Maximum>
      <SortID>84</SortID>
    </Field>
    <Field Def="u8 act84">
      <DisplayName>アクション84</DisplayName>
      <Description>アクション84の比率</Description>
      <Maximum>100</Maximum>
      <SortID>85</SortID>
    </Field>
    <Field Def="u8 act85">
      <DisplayName>アクション85</DisplayName>
      <Description>アクション85の比率</Description>
      <Maximum>100</Maximum>
      <SortID>86</SortID>
    </Field>
    <Field Def="u8 act86">
      <DisplayName>アクション86</DisplayName>
      <Description>アクション86の比率</Description>
      <Maximum>100</Maximum>
      <SortID>87</SortID>
    </Field>
    <Field Def="u8 act87">
      <DisplayName>アクション87</DisplayName>
      <Description>アクション87の比率</Description>
      <Maximum>100</Maximum>
      <SortID>88</SortID>
    </Field>
    <Field Def="u8 act88">
      <DisplayName>アクション88</DisplayName>
      <Description>アクション88の比率</Description>
      <Maximum>100</Maximum>
      <SortID>89</SortID>
    </Field>
    <Field Def="u8 act89">
      <DisplayName>アクション89</DisplayName>
      <Description>アクション89の比率</Description>
      <Maximum>100</Maximum>
      <SortID>90</SortID>
    </Field>
    <Field Def="u8 act90">
      <DisplayName>アクション90</DisplayName>
      <Description>アクション90の比率</Description>
      <Maximum>100</Maximum>
      <SortID>91</SortID>
    </Field>
    <Field Def="u8 act91">
      <DisplayName>アクション91</DisplayName>
      <Description>アクション91の比率</Description>
      <Maximum>100</Maximum>
      <SortID>92</SortID>
    </Field>
    <Field Def="u8 act92">
      <DisplayName>アクション92</DisplayName>
      <Description>アクション92の比率</Description>
      <Maximum>100</Maximum>
      <SortID>93</SortID>
    </Field>
    <Field Def="u8 act93">
      <DisplayName>アクション93</DisplayName>
      <Description>アクション93の比率</Description>
      <Maximum>100</Maximum>
      <SortID>94</SortID>
    </Field>
    <Field Def="u8 act94">
      <DisplayName>アクション94</DisplayName>
      <Description>アクション94の比率</Description>
      <Maximum>100</Maximum>
      <SortID>95</SortID>
    </Field>
    <Field Def="u8 act95">
      <DisplayName>アクション95</DisplayName>
      <Description>アクション95の比率</Description>
      <Maximum>100</Maximum>
      <SortID>96</SortID>
    </Field>
    <Field Def="u8 act96">
      <DisplayName>アクション96</DisplayName>
      <Description>アクション96の比率</Description>
      <Maximum>100</Maximum>
      <SortID>97</SortID>
    </Field>
    <Field Def="u8 act97">
      <DisplayName>アクション97</DisplayName>
      <Description>アクション97の比率</Description>
      <Maximum>100</Maximum>
      <SortID>98</SortID>
    </Field>
    <Field Def="u8 act98">
      <DisplayName>アクション98</DisplayName>
      <Description>アクション98の比率</Description>
      <Maximum>100</Maximum>
      <SortID>99</SortID>
    </Field>
    <Field Def="u8 act99">
      <DisplayName>アクション99</DisplayName>
      <Description>アクション99の比率</Description>
      <Maximum>100</Maximum>
      <SortID>100</SortID>
    </Field>
    <Field Def="dummy8 pad0[12]">
      <DisplayName>pad</DisplayName>
      <Description>pad</Description>
      <SortID>102</SortID>
    </Field>
  </Fields>
</PARAMDEF>