﻿<?xml version="1.0" encoding="utf-8"?>
<PARAMDEF XmlVersion="2">
  <ParamType>ATTACK_ELEMENT_CORRECT_PARAM_ST</ParamType>
  <DataVersion>2</DataVersion>
  <BigEndian>False</BigEndian>
  <Unicode>True</Unicode>
  <FormatVersion>203</FormatVersion>
  <Fields>
    <Field Def="u8 isStrengthCorrect_byPhysics:1">
      <DisplayName>筋力補正するか（物理）</DisplayName>
      <Enum>BOOL_YESNO_TYPE</Enum>
      <Maximum>1</Maximum>
      <SortID>10000</SortID>
    </Field>
    <Field Def="u8 isDexterityCorrect_byPhysics:1">
      <DisplayName>技量補正するか（物理）</DisplayName>
      <Enum>BOOL_YESNO_TYPE</Enum>
      <Maximum>1</Maximum>
      <SortID>11000</SortID>
    </Field>
    <Field Def="u8 isMagicCorrect_byPhysics:1">
      <DisplayName>理力補正するか（物理）</DisplayName>
      <Enum>BOOL_YESNO_TYPE</Enum>
      <Maximum>1</Maximum>
      <SortID>12000</SortID>
    </Field>
    <Field Def="u8 isFaithCorrect_byPhysics:1">
      <DisplayName>信仰補正するか（物理）</DisplayName>
      <Enum>BOOL_YESNO_TYPE</Enum>
      <Maximum>1</Maximum>
      <SortID>13000</SortID>
    </Field>
    <Field Def="u8 isLuckCorrect_byPhysics:1">
      <DisplayName>運補正するか（物理）</DisplayName>
      <Enum>BOOL_YESNO_TYPE</Enum>
      <Maximum>1</Maximum>
      <SortID>14000</SortID>
    </Field>
    <Field Def="u8 isStrengthCorrect_byMagic:1">
      <DisplayName>筋力補正するか（魔法）</DisplayName>
      <Enum>BOOL_YESNO_TYPE</Enum>
      <Maximum>1</Maximum>
      <SortID>20000</SortID>
    </Field>
    <Field Def="u8 isDexterityCorrect_byMagic:1">
      <DisplayName>技量補正するか（魔法）</DisplayName>
      <Enum>BOOL_YESNO_TYPE</Enum>
      <Maximum>1</Maximum>
      <SortID>21000</SortID>
    </Field>
    <Field Def="u8 isMagicCorrect_byMagic:1">
      <DisplayName>理力補正するか（魔法）</DisplayName>
      <Enum>BOOL_YESNO_TYPE</Enum>
      <Maximum>1</Maximum>
      <SortID>22000</SortID>
    </Field>
    <Field Def="u8 isFaithCorrect_byMagic:1">
      <DisplayName>信仰補正するか（魔法）</DisplayName>
      <Enum>BOOL_YESNO_TYPE</Enum>
      <Maximum>1</Maximum>
      <SortID>23000</SortID>
    </Field>
    <Field Def="u8 isLuckCorrect_byMagic:1">
      <DisplayName>運補正するか（魔法）</DisplayName>
      <Enum>BOOL_YESNO_TYPE</Enum>
      <Maximum>1</Maximum>
      <SortID>24000</SortID>
    </Field>
    <Field Def="u8 isStrengthCorrect_byFire:1">
      <DisplayName>筋力補正するか（炎）</DisplayName>
      <Enum>BOOL_YESNO_TYPE</Enum>
      <Maximum>1</Maximum>
      <SortID>30000</SortID>
    </Field>
    <Field Def="u8 isDexterityCorrect_byFire:1">
      <DisplayName>技量補正するか（炎）</DisplayName>
      <Enum>BOOL_YESNO_TYPE</Enum>
      <Maximum>1</Maximum>
      <SortID>31000</SortID>
    </Field>
    <Field Def="u8 isMagicCorrect_byFire:1">
      <DisplayName>理力補正するか（炎）</DisplayName>
      <Enum>BOOL_YESNO_TYPE</Enum>
      <Maximum>1</Maximum>
      <SortID>32000</SortID>
    </Field>
    <Field Def="u8 isFaithCorrect_byFire:1">
      <DisplayName>信仰補正するか（炎）</DisplayName>
      <Enum>BOOL_YESNO_TYPE</Enum>
      <Maximum>1</Maximum>
      <SortID>33000</SortID>
    </Field>
    <Field Def="u8 isLuckCorrect_byFire:1">
      <DisplayName>運補正するか（炎）</DisplayName>
      <Enum>BOOL_YESNO_TYPE</Enum>
      <Maximum>1</Maximum>
      <SortID>34000</SortID>
    </Field>
    <Field Def="u8 isStrengthCorrect_byThunder:1">
      <DisplayName>筋力補正するか（雷）</DisplayName>
      <Enum>BOOL_YESNO_TYPE</Enum>
      <Maximum>1</Maximum>
      <SortID>40000</SortID>
    </Field>
    <Field Def="u8 isDexterityCorrect_byThunder:1">
      <DisplayName>技量補正するか（雷）</DisplayName>
      <Enum>BOOL_YESNO_TYPE</Enum>
      <Maximum>1</Maximum>
      <SortID>41000</SortID>
    </Field>
    <Field Def="u8 isMagicCorrect_byThunder:1">
      <DisplayName>理力補正するか（雷）</DisplayName>
      <Enum>BOOL_YESNO_TYPE</Enum>
      <Maximum>1</Maximum>
      <SortID>42000</SortID>
    </Field>
    <Field Def="u8 isFaithCorrect_byThunder:1">
      <DisplayName>信仰補正するか（雷）</DisplayName>
      <Enum>BOOL_YESNO_TYPE</Enum>
      <Maximum>1</Maximum>
      <SortID>43000</SortID>
    </Field>
    <Field Def="u8 isLuckCorrect_byThunder:1">
      <DisplayName>運補正するか（雷）</DisplayName>
      <Enum>BOOL_YESNO_TYPE</Enum>
      <Maximum>1</Maximum>
      <SortID>44000</SortID>
    </Field>
    <Field Def="u8 isStrengthCorrect_byDark:1">
      <DisplayName>筋力補正するか（闇）</DisplayName>
      <Enum>BOOL_YESNO_TYPE</Enum>
      <Maximum>1</Maximum>
      <SortID>50000</SortID>
    </Field>
    <Field Def="u8 isDexterityCorrect_byDark:1">
      <DisplayName>技量補正するか（闇）</DisplayName>
      <Enum>BOOL_YESNO_TYPE</Enum>
      <Maximum>1</Maximum>
      <SortID>51000</SortID>
    </Field>
    <Field Def="u8 isMagicCorrect_byDark:1">
      <DisplayName>理力補正するか（闇）</DisplayName>
      <Enum>BOOL_YESNO_TYPE</Enum>
      <Maximum>1</Maximum>
      <SortID>52000</SortID>
    </Field>
    <Field Def="u8 isFaithCorrect_byDark:1">
      <DisplayName>信仰補正するか（闇）</DisplayName>
      <Enum>BOOL_YESNO_TYPE</Enum>
      <Maximum>1</Maximum>
      <SortID>53000</SortID>
    </Field>
    <Field Def="u8 isLuckCorrect_byDark:1">
      <DisplayName>運補正するか（闇）</DisplayName>
      <Enum>BOOL_YESNO_TYPE</Enum>
      <Maximum>1</Maximum>
      <SortID>54000</SortID>
    </Field>
    <Field Def="dummy8 pad1:7">
      <DisplayName>パディング</DisplayName>
      <SortID>54111</SortID>
    </Field>
    <Field Def="s16 overwriteStrengthCorrectRate_byPhysics = -1">
      <DisplayName>筋力補正値上書き（物理）</DisplayName>
      <Minimum>-1</Minimum>
      <Maximum>999</Maximum>
      <SortID>10100</SortID>
    </Field>
    <Field Def="s16 overwriteDexterityCorrectRate_byPhysics = -1">
      <DisplayName>技量補正値上書き（物理）</DisplayName>
      <Minimum>-1</Minimum>
      <Maximum>999</Maximum>
      <SortID>11100</SortID>
    </Field>
    <Field Def="s16 overwriteMagicCorrectRate_byPhysics = -1">
      <DisplayName>理力補正値上書き（物理）</DisplayName>
      <Minimum>-1</Minimum>
      <Maximum>999</Maximum>
      <SortID>12100</SortID>
    </Field>
    <Field Def="s16 overwriteFaithCorrectRate_byPhysics = -1">
      <DisplayName>信仰補正値上書き（物理）</DisplayName>
      <Minimum>-1</Minimum>
      <Maximum>999</Maximum>
      <SortID>13100</SortID>
    </Field>
    <Field Def="s16 overwriteLuckCorrectRate_byPhysics = -1">
      <DisplayName>運補正値上書き（物理）</DisplayName>
      <Minimum>-1</Minimum>
      <Maximum>999</Maximum>
      <SortID>14100</SortID>
    </Field>
    <Field Def="s16 overwriteStrengthCorrectRate_byMagic = -1">
      <DisplayName>筋力補正値上書き（魔法）</DisplayName>
      <Minimum>-1</Minimum>
      <Maximum>999</Maximum>
      <SortID>20100</SortID>
    </Field>
    <Field Def="s16 overwriteDexterityCorrectRate_byMagic = -1">
      <DisplayName>技量補正値上書き（魔法）</DisplayName>
      <Minimum>-1</Minimum>
      <Maximum>999</Maximum>
      <SortID>21100</SortID>
    </Field>
    <Field Def="s16 overwriteMagicCorrectRate_byMagic = -1">
      <DisplayName>理力補正値上書き（魔法）</DisplayName>
      <Minimum>-1</Minimum>
      <Maximum>999</Maximum>
      <SortID>22100</SortID>
    </Field>
    <Field Def="s16 overwriteFaithCorrectRate_byMagic = -1">
      <DisplayName>信仰補正値上書き（魔法）</DisplayName>
      <Minimum>-1</Minimum>
      <Maximum>999</Maximum>
      <SortID>23100</SortID>
    </Field>
    <Field Def="s16 overwriteLuckCorrectRate_byMagic = -1">
      <DisplayName>運補正値上書き（魔法）</DisplayName>
      <Minimum>-1</Minimum>
      <Maximum>999</Maximum>
      <SortID>24100</SortID>
    </Field>
    <Field Def="s16 overwriteStrengthCorrectRate_byFire = -1">
      <DisplayName>筋力補正値上書き（炎）</DisplayName>
      <Minimum>-1</Minimum>
      <Maximum>999</Maximum>
      <SortID>30100</SortID>
    </Field>
    <Field Def="s16 overwriteDexterityCorrectRate_byFire = -1">
      <DisplayName>技量補正値上書き（炎）</DisplayName>
      <Minimum>-1</Minimum>
      <Maximum>999</Maximum>
      <SortID>31100</SortID>
    </Field>
    <Field Def="s16 overwriteMagicCorrectRate_byFire = -1">
      <DisplayName>理力補正値上書き（炎）</DisplayName>
      <Minimum>-1</Minimum>
      <Maximum>999</Maximum>
      <SortID>32100</SortID>
    </Field>
    <Field Def="s16 overwriteFaithCorrectRate_byFire = -1">
      <DisplayName>信仰補正値上書き（炎）</DisplayName>
      <Minimum>-1</Minimum>
      <Maximum>999</Maximum>
      <SortID>33100</SortID>
    </Field>
    <Field Def="s16 overwriteLuckCorrectRate_byFire = -1">
      <DisplayName>運補正値上書き（炎）</DisplayName>
      <Minimum>-1</Minimum>
      <Maximum>999</Maximum>
      <SortID>34100</SortID>
    </Field>
    <Field Def="s16 overwriteStrengthCorrectRate_byThunder = -1">
      <DisplayName>筋力補正値上書き（雷）</DisplayName>
      <Minimum>-1</Minimum>
      <Maximum>999</Maximum>
      <SortID>40100</SortID>
    </Field>
    <Field Def="s16 overwriteDexterityCorrectRate_byThunder = -1">
      <DisplayName>技量補正値上書き（雷）</DisplayName>
      <Minimum>-1</Minimum>
      <Maximum>999</Maximum>
      <SortID>41100</SortID>
    </Field>
    <Field Def="s16 overwriteMagicCorrectRate_byThunder = -1">
      <DisplayName>理力補正値上書き（雷）</DisplayName>
      <Minimum>-1</Minimum>
      <Maximum>999</Maximum>
      <SortID>42100</SortID>
    </Field>
    <Field Def="s16 overwriteFaithCorrectRate_byThunder = -1">
      <DisplayName>信仰補正値上書き（雷）</DisplayName>
      <Minimum>-1</Minimum>
      <Maximum>999</Maximum>
      <SortID>43100</SortID>
    </Field>
    <Field Def="s16 overwriteLuckCorrectRate_byThunder = -1">
      <DisplayName>運補正値上書き（雷）</DisplayName>
      <Minimum>-1</Minimum>
      <Maximum>999</Maximum>
      <SortID>44100</SortID>
    </Field>
    <Field Def="s16 overwriteStrengthCorrectRate_byDark = -1">
      <DisplayName>筋力補正値上書き（闇）</DisplayName>
      <Minimum>-1</Minimum>
      <Maximum>999</Maximum>
      <SortID>50100</SortID>
    </Field>
    <Field Def="s16 overwriteDexterityCorrectRate_byDark = -1">
      <DisplayName>技量補正値上書き（闇）</DisplayName>
      <Minimum>-1</Minimum>
      <Maximum>999</Maximum>
      <SortID>51100</SortID>
    </Field>
    <Field Def="s16 overwriteMagicCorrectRate_byDark = -1">
      <DisplayName>理力補正値上書き（闇）</DisplayName>
      <Minimum>-1</Minimum>
      <Maximum>999</Maximum>
      <SortID>52100</SortID>
    </Field>
    <Field Def="s16 overwriteFaithCorrectRate_byDark = -1">
      <DisplayName>信仰補正値上書き（闇）</DisplayName>
      <Minimum>-1</Minimum>
      <Maximum>999</Maximum>
      <SortID>53100</SortID>
    </Field>
    <Field Def="s16 overwriteLuckCorrectRate_byDark = -1">
      <DisplayName>運補正値上書き（闇）</DisplayName>
      <Minimum>-1</Minimum>
      <Maximum>999</Maximum>
      <SortID>54100</SortID>
    </Field>
    <Field Def="s16 InfluenceStrengthCorrectRate_byPhysics = 100">
      <DisplayName>筋力補正値影響率（物理）</DisplayName>
      <Description>補正率の影響割合。</Description>
      <Minimum>0</Minimum>
      <Maximum>999</Maximum>
      <SortID>10110</SortID>
    </Field>
    <Field Def="s16 InfluenceDexterityCorrectRate_byPhysics = 100">
      <DisplayName>技量補正値影響率（物理）</DisplayName>
      <Description>補正率の影響割合。</Description>
      <Minimum>0</Minimum>
      <Maximum>999</Maximum>
      <SortID>11110</SortID>
    </Field>
    <Field Def="s16 InfluenceMagicCorrectRate_byPhysics = 100">
      <DisplayName>理力補正値影響率（物理）</DisplayName>
      <Description>補正率の影響割合。</Description>
      <Minimum>0</Minimum>
      <Maximum>999</Maximum>
      <SortID>12110</SortID>
    </Field>
    <Field Def="s16 InfluenceFaithCorrectRate_byPhysics = 100">
      <DisplayName>信仰補正値影響率（物理）</DisplayName>
      <Description>補正率の影響割合。</Description>
      <Minimum>0</Minimum>
      <Maximum>999</Maximum>
      <SortID>13110</SortID>
    </Field>
    <Field Def="s16 InfluenceLuckCorrectRate_byPhysics = 100">
      <DisplayName>運補正値影響率（物理）</DisplayName>
      <Description>補正率の影響割合。</Description>
      <Minimum>0</Minimum>
      <Maximum>999</Maximum>
      <SortID>14110</SortID>
    </Field>
    <Field Def="s16 InfluenceStrengthCorrectRate_byMagic = 100">
      <DisplayName>筋力補正値影響率（魔法）</DisplayName>
      <Description>補正率の影響割合。</Description>
      <Minimum>0</Minimum>
      <Maximum>999</Maximum>
      <SortID>20110</SortID>
    </Field>
    <Field Def="s16 InfluenceDexterityCorrectRate_byMagic = 100">
      <DisplayName>技量補正値影響率（魔法）</DisplayName>
      <Description>補正率の影響割合。</Description>
      <Minimum>0</Minimum>
      <Maximum>999</Maximum>
      <SortID>21110</SortID>
    </Field>
    <Field Def="s16 InfluenceMagicCorrectRate_byMagic = 100">
      <DisplayName>理力補正値影響率（魔法）</DisplayName>
      <Description>補正率の影響割合。</Description>
      <Minimum>0</Minimum>
      <Maximum>999</Maximum>
      <SortID>22110</SortID>
    </Field>
    <Field Def="s16 InfluenceFaithCorrectRate_byMagic = 100">
      <DisplayName>信仰補正値影響率（魔法）</DisplayName>
      <Description>補正率の影響割合。</Description>
      <Minimum>0</Minimum>
      <Maximum>999</Maximum>
      <SortID>23110</SortID>
    </Field>
    <Field Def="s16 InfluenceLuckCorrectRate_byMagic = 100">
      <DisplayName>運補正値影響率（魔法）</DisplayName>
      <Description>補正率の影響割合。</Description>
      <Minimum>0</Minimum>
      <Maximum>999</Maximum>
      <SortID>24110</SortID>
    </Field>
    <Field Def="s16 InfluenceStrengthCorrectRate_byFire = 100">
      <DisplayName>筋力補正値影響率（炎）</DisplayName>
      <Description>補正率の影響割合。</Description>
      <Minimum>0</Minimum>
      <Maximum>999</Maximum>
      <SortID>30110</SortID>
    </Field>
    <Field Def="s16 InfluenceDexterityCorrectRate_byFire = 100">
      <DisplayName>技量補正値影響率（炎）</DisplayName>
      <Description>補正率の影響割合。</Description>
      <Minimum>0</Minimum>
      <Maximum>999</Maximum>
      <SortID>31110</SortID>
    </Field>
    <Field Def="s16 InfluenceMagicCorrectRate_byFire = 100">
      <DisplayName>理力補正値影響率（炎）</DisplayName>
      <Description>補正率の影響割合。</Description>
      <Minimum>0</Minimum>
      <Maximum>999</Maximum>
      <SortID>32110</SortID>
    </Field>
    <Field Def="s16 InfluenceFaithCorrectRate_byFire = 100">
      <DisplayName>信仰補正値影響率（炎）</DisplayName>
      <Description>補正率の影響割合。</Description>
      <Minimum>0</Minimum>
      <Maximum>999</Maximum>
      <SortID>33110</SortID>
    </Field>
    <Field Def="s16 InfluenceLuckCorrectRate_byFire = 100">
      <DisplayName>運補正値影響率（炎）</DisplayName>
      <Description>補正率の影響割合。</Description>
      <Minimum>0</Minimum>
      <Maximum>999</Maximum>
      <SortID>34110</SortID>
    </Field>
    <Field Def="s16 InfluenceStrengthCorrectRate_byThunder = 100">
      <DisplayName>筋力補正値影響率（雷）</DisplayName>
      <Description>補正率の影響割合。</Description>
      <Minimum>0</Minimum>
      <Maximum>999</Maximum>
      <SortID>40110</SortID>
    </Field>
    <Field Def="s16 InfluenceDexterityCorrectRate_byThunder = 100">
      <DisplayName>技量補正値影響率（雷）</DisplayName>
      <Description>補正率の影響割合。</Description>
      <Minimum>0</Minimum>
      <Maximum>999</Maximum>
      <SortID>41110</SortID>
    </Field>
    <Field Def="s16 InfluenceMagicCorrectRate_byThunder = 100">
      <DisplayName>理力補正値影響率（雷）</DisplayName>
      <Description>補正率の影響割合。</Description>
      <Minimum>0</Minimum>
      <Maximum>999</Maximum>
      <SortID>42110</SortID>
    </Field>
    <Field Def="s16 InfluenceFaithCorrectRate_byThunder = 100">
      <DisplayName>信仰補正値影響率（雷）</DisplayName>
      <Description>補正率の影響割合。</Description>
      <Minimum>0</Minimum>
      <Maximum>999</Maximum>
      <SortID>43110</SortID>
    </Field>
    <Field Def="s16 InfluenceLuckCorrectRate_byThunder = 100">
      <DisplayName>運補正値影響率（雷）</DisplayName>
      <Description>補正率の影響割合。</Description>
      <Minimum>0</Minimum>
      <Maximum>999</Maximum>
      <SortID>44110</SortID>
    </Field>
    <Field Def="s16 InfluenceStrengthCorrectRate_byDark = 100">
      <DisplayName>筋力補正値影響率（闇）</DisplayName>
      <Description>補正率の影響割合。</Description>
      <Minimum>0</Minimum>
      <Maximum>999</Maximum>
      <SortID>50110</SortID>
    </Field>
    <Field Def="s16 InfluenceDexterityCorrectRate_byDark = 100">
      <DisplayName>技量補正値影響率（闇）</DisplayName>
      <Description>補正率の影響割合。</Description>
      <Minimum>0</Minimum>
      <Maximum>999</Maximum>
      <SortID>51110</SortID>
    </Field>
    <Field Def="s16 InfluenceMagicCorrectRate_byDark = 100">
      <DisplayName>理力補正値影響率（闇）</DisplayName>
      <Description>補正率の影響割合。</Description>
      <Minimum>0</Minimum>
      <Maximum>999</Maximum>
      <SortID>52110</SortID>
    </Field>
    <Field Def="s16 InfluenceFaithCorrectRate_byDark = 100">
      <DisplayName>信仰補正値影響率（闇）</DisplayName>
      <Description>補正率の影響割合。</Description>
      <Minimum>0</Minimum>
      <Maximum>999</Maximum>
      <SortID>53110</SortID>
    </Field>
    <Field Def="s16 InfluenceLuckCorrectRate_byDark = 100">
      <DisplayName>運補正値影響率（闇）</DisplayName>
      <Description>補正率の影響割合。</Description>
      <Minimum>0</Minimum>
      <Maximum>999</Maximum>
      <SortID>54110</SortID>
    </Field>
    <Field Def="dummy8 pad2[24]">
      <DisplayName>パディング</DisplayName>
      <SortID>54112</SortID>
    </Field>
  </Fields>
</PARAMDEF>