﻿<?xml version="1.0" encoding="utf-8"?>
<PARAMDEF XmlVersion="2">
  <ParamType>BULLET_CREATE_LIMIT_PARAM_ST</ParamType>
  <DataVersion>1</DataVersion>
  <BigEndian>False</BigEndian>
  <Unicode>True</Unicode>
  <FormatVersion>203</FormatVersion>
  <Fields>
    <Field Def="u8 limitNum_byGroup">
      <DisplayName>グループ内上限弾数</DisplayName>
      <Description>同一グループ内での作成上限数</Description>
      <SortID>10000</SortID>
      <UnkC8 />
    </Field>
    <Field Def="u8 isLimitEachOwner:1">
      <DisplayName>オーナー毎に制限するか</DisplayName>
      <Enum>ON_OFF</Enum>
      <Description>オーナー毎に制限するか</Description>
      <Maximum>1</Maximum>
      <SortID>10100</SortID>
    </Field>
    <Field Def="dummy8 pad2:7">
      <DisplayName>パディング</DisplayName>
      <Description>pad2</Description>
      <SortID>10101</SortID>
    </Field>
    <Field Def="dummy8 pad[30]">
      <DisplayName>パディング</DisplayName>
      <Description>pad3</Description>
      <SortID>10102</SortID>
    </Field>
  </Fields>
</PARAMDEF>