﻿<?xml version="1.0" encoding="utf-8"?>
<PARAMDEF XmlVersion="2">
  <ParamType>CHR_MODEL_PARAM_ST</ParamType>
  <DataVersion>2</DataVersion>
  <BigEndian>False</BigEndian>
  <Unicode>True</Unicode>
  <FormatVersion>203</FormatVersion>
  <Fields>
    <Field Def="u8 disableParam_NT:1">
      <DisplayName>NT版出力から外すか</DisplayName>
      <Enum>BOOL_CIRCLECROSS_TYPE</Enum>
      <Description>○をつけたパラメータをNT版パッケージでは除外します</Description>
      <EditFlags>None</EditFlags>
      <Maximum>1</Maximum>
    </Field>
    <Field Def="dummy8 disableParamReserve1:7">
      <DisplayName>パッケージ出力用リザーブ1</DisplayName>
      <Description>パッケージ出力用リザーブ1</Description>
      <DisplayFormat>%d</DisplayFormat>
      <SortID>301</SortID>
    </Field>
    <Field Def="dummy8 disableParamReserve2[3]">
      <DisplayName>パッケージ出力用リザーブ2</DisplayName>
      <Description>パッケージ出力用リザーブ2</Description>
      <DisplayFormat>%d</DisplayFormat>
      <SortID>302</SortID>
    </Field>
    <Field Def="u8 modelMemoryType">
      <DisplayName>モデルの使用メモリタイプ</DisplayName>
      <Enum>CHR_MEMORY_TYPE</Enum>
      <Description>モデルの使用メモリタイプ</Description>
      <SortID>100</SortID>
    </Field>
    <Field Def="u8 texMemoryType">
      <DisplayName>テクスチャの使用メモリタイプ</DisplayName>
      <Enum>CHR_MEMORY_TYPE</Enum>
      <Description>テクスチャの使用メモリタイプ</Description>
      <SortID>200</SortID>
    </Field>
    <Field Def="s16 cameraDitherFadeId">
      <DisplayName>カメラフェードパラメータID</DisplayName>
      <Description>カメラフェードパラメータID（-1：マテリアルを参照、0：消えない、1～：パラメータID）</Description>
      <Minimum>-1</Minimum>
      <Maximum>9999</Maximum>
      <SortID>300</SortID>
    </Field>
    <Field Def="f32 reportAnimMemSizeMb = 12">
      <DisplayName>報告アニメ容量(MB)</DisplayName>
      <Description>この値を超えると報告システムで報告が来る。</Description>
      <EditFlags>None</EditFlags>
      <Minimum>0</Minimum>
      <Maximum>999.9</Maximum>
      <Increment>0.1</Increment>
      <SortID>210</SortID>
    </Field>
    <Field Def="u32 unk = 0" FirstVersion="10601000">
      <DisplayName>Unk</DisplayName>
      <Description>Unk (Added in 1.06)</Description>
      <EditFlags>None</EditFlags>
      <SortID>210</SortID>
    </Field>
  </Fields>
</PARAMDEF>