﻿<?xml version="1.0" encoding="utf-8"?>
<PARAMDEF XmlVersion="2">
  <ParamType>EQUIP_PARAM_CUSTOM_WEAPON_ST</ParamType>
  <DataVersion>1</DataVersion>
  <BigEndian>False</BigEndian>
  <Unicode>True</Unicode>
  <FormatVersion>203</FormatVersion>
  <Fields>
    <Field Def="s32 baseWepId">
      <DisplayName>武器ベースID</DisplayName>
      <Description>武器ベースID</Description>
      <Minimum>0</Minimum>
      <Maximum>999999999</Maximum>
      <SortID>100</SortID>
    </Field>
    <Field Def="s32 gemId">
      <DisplayName>魔石ID</DisplayName>
      <Description>魔石ID</Description>
      <Minimum>0</Minimum>
      <Maximum>999999999</Maximum>
      <SortID>300</SortID>
    </Field>
    <Field Def="u8 reinforceLv">
      <DisplayName>強化値</DisplayName>
      <Description>強化値</Description>
      <Maximum>99</Maximum>
      <SortID>200</SortID>
    </Field>
    <Field Def="dummy8 pad[7]">
      <Description>pad</Description>
      <SortID>301</SortID>
    </Field>
  </Fields>
</PARAMDEF>