﻿<?xml version="1.0" encoding="utf-8"?>
<PARAMDEF XmlVersion="2">
  <ParamType>FACE_RANGE_PARAM_ST</ParamType>
  <DataVersion>3</DataVersion>
  <BigEndian>False</BigEndian>
  <Unicode>True</Unicode>
  <FormatVersion>203</FormatVersion>
  <Fields>
    <Field Def="f32 face_partsId">
      <DisplayName>顔パーツID</DisplayName>
      <Description>顔パーツID</Description>
      <DisplayFormat>%.2f</DisplayFormat>
      <Minimum>-1000</Minimum>
      <Maximum>1000</Maximum>
      <SortID>1000</SortID>
      <UnkC8>顔・体</UnkC8>
    </Field>
    <Field Def="f32 skin_color_R">
      <DisplayName>肌の色(Ｒ)</DisplayName>
      <Description>肌の色(Ｒ)</Description>
      <DisplayFormat>%.2f</DisplayFormat>
      <Minimum>-1000</Minimum>
      <Maximum>1000</Maximum>
      <SortID>1010</SortID>
      <UnkC8>顔・体</UnkC8>
    </Field>
    <Field Def="f32 skin_color_G">
      <DisplayName>肌の色(Ｇ)</DisplayName>
      <Description>肌の色(Ｇ)</Description>
      <DisplayFormat>%.2f</DisplayFormat>
      <Minimum>-1000</Minimum>
      <Maximum>1000</Maximum>
      <SortID>1011</SortID>
      <UnkC8>顔・体</UnkC8>
    </Field>
    <Field Def="f32 skin_color_B">
      <DisplayName>肌の色(Ｂ)</DisplayName>
      <Description>肌の色(Ｂ)</Description>
      <DisplayFormat>%.2f</DisplayFormat>
      <Minimum>-1000</Minimum>
      <Maximum>1000</Maximum>
      <SortID>1012</SortID>
      <UnkC8>顔・体</UnkC8>
    </Field>
    <Field Def="f32 skin_gloss">
      <DisplayName>肌のつや</DisplayName>
      <Description>肌のつや</Description>
      <DisplayFormat>%.2f</DisplayFormat>
      <Minimum>-1000</Minimum>
      <Maximum>1000</Maximum>
      <SortID>1020</SortID>
      <UnkC8>顔・体</UnkC8>
    </Field>
    <Field Def="f32 skin_pores">
      <DisplayName>毛穴</DisplayName>
      <Description>毛穴</Description>
      <DisplayFormat>%.2f</DisplayFormat>
      <Minimum>-1000</Minimum>
      <Maximum>1000</Maximum>
      <SortID>1030</SortID>
      <UnkC8>顔・体</UnkC8>
    </Field>
    <Field Def="f32 face_beard">
      <DisplayName>青ひげ</DisplayName>
      <Description>青ひげ</Description>
      <DisplayFormat>%.2f</DisplayFormat>
      <Minimum>-1000</Minimum>
      <Maximum>1000</Maximum>
      <SortID>1040</SortID>
      <UnkC8>顔</UnkC8>
    </Field>
    <Field Def="f32 face_aroundEye">
      <DisplayName>くま</DisplayName>
      <Description>くま</Description>
      <DisplayFormat>%.2f</DisplayFormat>
      <Minimum>-1000</Minimum>
      <Maximum>1000</Maximum>
      <SortID>1050</SortID>
      <UnkC8>顔</UnkC8>
    </Field>
    <Field Def="f32 face_aroundEyeColor_R">
      <DisplayName>くまの色(R)</DisplayName>
      <Description>くまの色(R)</Description>
      <DisplayFormat>%.2f</DisplayFormat>
      <Minimum>-1000</Minimum>
      <Maximum>1000</Maximum>
      <SortID>1060</SortID>
      <UnkC8>顔</UnkC8>
    </Field>
    <Field Def="f32 face_aroundEyeColor_G">
      <DisplayName>くまの色(G)</DisplayName>
      <Description>くまの色(G)</Description>
      <DisplayFormat>%.2f</DisplayFormat>
      <Minimum>-1000</Minimum>
      <Maximum>1000</Maximum>
      <SortID>1061</SortID>
      <UnkC8>顔</UnkC8>
    </Field>
    <Field Def="f32 face_aroundEyeColor_B">
      <DisplayName>くまの色(B)</DisplayName>
      <Description>くまの色(B)</Description>
      <DisplayFormat>%.2f</DisplayFormat>
      <Minimum>-1000</Minimum>
      <Maximum>1000</Maximum>
      <SortID>1062</SortID>
      <UnkC8>顔</UnkC8>
    </Field>
    <Field Def="f32 face_cheek">
      <DisplayName>チーク</DisplayName>
      <Description>チーク</Description>
      <DisplayFormat>%.2f</DisplayFormat>
      <Minimum>-1000</Minimum>
      <Maximum>1000</Maximum>
      <SortID>1070</SortID>
      <UnkC8>顔</UnkC8>
    </Field>
    <Field Def="f32 face_cheekColor_R">
      <DisplayName>チークの色(R)</DisplayName>
      <Description>チークの色(R)</Description>
      <DisplayFormat>%.2f</DisplayFormat>
      <Minimum>-1000</Minimum>
      <Maximum>1000</Maximum>
      <SortID>1080</SortID>
      <UnkC8>顔</UnkC8>
    </Field>
    <Field Def="f32 face_cheekColor_G">
      <DisplayName>チークの色(G)</DisplayName>
      <Description>チークの色(G)</Description>
      <DisplayFormat>%.2f</DisplayFormat>
      <Minimum>-1000</Minimum>
      <Maximum>1000</Maximum>
      <SortID>1081</SortID>
      <UnkC8>顔</UnkC8>
    </Field>
    <Field Def="f32 face_cheekColor_B">
      <DisplayName>チークの色(B)</DisplayName>
      <Description>チークの色(B)</Description>
      <DisplayFormat>%.2f</DisplayFormat>
      <Minimum>-1000</Minimum>
      <Maximum>1000</Maximum>
      <SortID>1082</SortID>
      <UnkC8>顔</UnkC8>
    </Field>
    <Field Def="f32 face_eyeLine">
      <DisplayName>アイライン</DisplayName>
      <Description>アイライン</Description>
      <DisplayFormat>%.2f</DisplayFormat>
      <Minimum>-1000</Minimum>
      <Maximum>1000</Maximum>
      <SortID>1090</SortID>
      <UnkC8>顔</UnkC8>
    </Field>
    <Field Def="f32 face_eyeLineColor_R">
      <DisplayName>アイラインの色(R)</DisplayName>
      <Description>アイラインの色(R)</Description>
      <DisplayFormat>%.2f</DisplayFormat>
      <Minimum>-1000</Minimum>
      <Maximum>1000</Maximum>
      <SortID>1100</SortID>
      <UnkC8>顔</UnkC8>
    </Field>
    <Field Def="f32 face_eyeLineColor_G">
      <DisplayName>アイラインの色(G)</DisplayName>
      <Description>アイラインの色(G)</Description>
      <DisplayFormat>%.2f</DisplayFormat>
      <Minimum>-1000</Minimum>
      <Maximum>1000</Maximum>
      <SortID>1101</SortID>
      <UnkC8>顔</UnkC8>
    </Field>
    <Field Def="f32 face_eyeLineColor_B">
      <DisplayName>アイラインの色(B)</DisplayName>
      <Description>アイラインの色(B)</Description>
      <DisplayFormat>%.2f</DisplayFormat>
      <Minimum>-1000</Minimum>
      <Maximum>1000</Maximum>
      <SortID>1102</SortID>
      <UnkC8>顔</UnkC8>
    </Field>
    <Field Def="f32 face_eyeShadowDown">
      <DisplayName>アイシャドウ(下)</DisplayName>
      <Description>アイシャドウ(下)</Description>
      <DisplayFormat>%.2f</DisplayFormat>
      <Minimum>-1000</Minimum>
      <Maximum>1000</Maximum>
      <SortID>1110</SortID>
      <UnkC8>顔</UnkC8>
    </Field>
    <Field Def="f32 face_eyeShadowDownColor_R">
      <DisplayName>アイシャドウ(下)の色(R)</DisplayName>
      <Description>アイシャドウ(下)の色(R)</Description>
      <DisplayFormat>%.2f</DisplayFormat>
      <Minimum>-1000</Minimum>
      <Maximum>1000</Maximum>
      <SortID>1120</SortID>
      <UnkC8>顔</UnkC8>
    </Field>
    <Field Def="f32 face_eyeShadowDownColor_G">
      <DisplayName>アイシャドウ(下)の色(G)</DisplayName>
      <Description>アイシャドウ(下)の色(G)</Description>
      <DisplayFormat>%.2f</DisplayFormat>
      <Minimum>-1000</Minimum>
      <Maximum>1000</Maximum>
      <SortID>1121</SortID>
      <UnkC8>顔</UnkC8>
    </Field>
    <Field Def="f32 face_eyeShadowDownColor_B">
      <DisplayName>アイシャドウ(下)の色(B)</DisplayName>
      <Description>アイシャドウ(下)の色(B)</Description>
      <DisplayFormat>%.2f</DisplayFormat>
      <Minimum>-1000</Minimum>
      <Maximum>1000</Maximum>
      <SortID>1122</SortID>
      <UnkC8>顔</UnkC8>
    </Field>
    <Field Def="f32 face_eyeShadowUp">
      <DisplayName>アイシャドウ(上)</DisplayName>
      <Description>アイシャドウ(上)</Description>
      <DisplayFormat>%.2f</DisplayFormat>
      <Minimum>-1000</Minimum>
      <Maximum>1000</Maximum>
      <SortID>1130</SortID>
      <UnkC8>顔</UnkC8>
    </Field>
    <Field Def="f32 face_eyeShadowUpColor_R">
      <DisplayName>アイシャドウ(上)の色(R)</DisplayName>
      <Description>アイシャドウ(上)の色(R)</Description>
      <DisplayFormat>%.2f</DisplayFormat>
      <Minimum>-1000</Minimum>
      <Maximum>1000</Maximum>
      <SortID>1140</SortID>
      <UnkC8>顔</UnkC8>
    </Field>
    <Field Def="f32 face_eyeShadowUpColor_G">
      <DisplayName>アイシャドウ(上)の色(G)</DisplayName>
      <Description>アイシャドウ(上)の色(G)</Description>
      <DisplayFormat>%.2f</DisplayFormat>
      <Minimum>-1000</Minimum>
      <Maximum>1000</Maximum>
      <SortID>1141</SortID>
      <UnkC8>顔</UnkC8>
    </Field>
    <Field Def="f32 face_eyeShadowUpColor_B">
      <DisplayName>アイシャドウ(上)の色(B)</DisplayName>
      <Description>アイシャドウ(上)の色(B)</Description>
      <DisplayFormat>%.2f</DisplayFormat>
      <Minimum>-1000</Minimum>
      <Maximum>1000</Maximum>
      <SortID>1142</SortID>
      <UnkC8>顔</UnkC8>
    </Field>
    <Field Def="f32 face_lip">
      <DisplayName>口紅</DisplayName>
      <Description>口紅</Description>
      <DisplayFormat>%.2f</DisplayFormat>
      <Minimum>-1000</Minimum>
      <Maximum>1000</Maximum>
      <SortID>1150</SortID>
      <UnkC8>顔</UnkC8>
    </Field>
    <Field Def="f32 face_lipColor_R">
      <DisplayName>口紅の色(R)</DisplayName>
      <Description>口紅の色(R)</Description>
      <DisplayFormat>%.2f</DisplayFormat>
      <Minimum>-1000</Minimum>
      <Maximum>1000</Maximum>
      <SortID>1160</SortID>
      <UnkC8>顔</UnkC8>
    </Field>
    <Field Def="f32 face_lipColor_G">
      <DisplayName>口紅の色(G)</DisplayName>
      <Description>口紅の色(G)</Description>
      <DisplayFormat>%.2f</DisplayFormat>
      <Minimum>-1000</Minimum>
      <Maximum>1000</Maximum>
      <SortID>1161</SortID>
      <UnkC8>顔</UnkC8>
    </Field>
    <Field Def="f32 face_lipColor_B">
      <DisplayName>口紅の色(B)</DisplayName>
      <Description>口紅の色(B)</Description>
      <DisplayFormat>%.2f</DisplayFormat>
      <Minimum>-1000</Minimum>
      <Maximum>1000</Maximum>
      <SortID>1162</SortID>
      <UnkC8>顔</UnkC8>
    </Field>
    <Field Def="f32 body_hair">
      <DisplayName>体毛の濃さ</DisplayName>
      <Description>体毛の濃さ</Description>
      <DisplayFormat>%.2f</DisplayFormat>
      <Minimum>-1000</Minimum>
      <Maximum>1000</Maximum>
      <SortID>1200</SortID>
      <UnkC8>体</UnkC8>
    </Field>
    <Field Def="f32 body_hairColor_R">
      <DisplayName>体毛の色(R)</DisplayName>
      <Description>体毛の色(R)</Description>
      <DisplayFormat>%.2f</DisplayFormat>
      <Minimum>-1000</Minimum>
      <Maximum>1000</Maximum>
      <SortID>1210</SortID>
      <UnkC8>体</UnkC8>
    </Field>
    <Field Def="f32 body_hairColor_G">
      <DisplayName>体毛の色(G)</DisplayName>
      <Description>体毛の色(G)</Description>
      <DisplayFormat>%.2f</DisplayFormat>
      <Minimum>-1000</Minimum>
      <Maximum>1000</Maximum>
      <SortID>1211</SortID>
      <UnkC8>体</UnkC8>
    </Field>
    <Field Def="f32 body_hairColor_B">
      <DisplayName>体毛の色(B)</DisplayName>
      <Description>体毛の色(B)</Description>
      <DisplayFormat>%.2f</DisplayFormat>
      <Minimum>-1000</Minimum>
      <Maximum>1000</Maximum>
      <SortID>1212</SortID>
      <UnkC8>体</UnkC8>
    </Field>
    <Field Def="f32 eye_partsId">
      <DisplayName>眼球パーツID</DisplayName>
      <Description>眼球パーツID</Description>
      <DisplayFormat>%.2f</DisplayFormat>
      <Minimum>-1000</Minimum>
      <Maximum>1000</Maximum>
      <SortID>1300</SortID>
      <UnkC8>眼球</UnkC8>
    </Field>
    <Field Def="f32 eyeR_irisColor_R">
      <DisplayName>虹彩の色(Ｒ)</DisplayName>
      <Description>右目の虹彩の色(Ｒ)</Description>
      <DisplayFormat>%.2f</DisplayFormat>
      <Minimum>-1000</Minimum>
      <Maximum>1000</Maximum>
      <SortID>1400</SortID>
      <UnkC8>右目</UnkC8>
    </Field>
    <Field Def="f32 eyeR_irisColor_G">
      <DisplayName>虹彩の色(Ｇ)</DisplayName>
      <Description>右目の虹彩の色(Ｇ)</Description>
      <DisplayFormat>%.2f</DisplayFormat>
      <Minimum>-1000</Minimum>
      <Maximum>1000</Maximum>
      <SortID>1401</SortID>
      <UnkC8>右目</UnkC8>
    </Field>
    <Field Def="f32 eyeR_irisColor_B">
      <DisplayName>虹彩の色(Ｂ)</DisplayName>
      <Description>右目の虹彩の色(Ｂ)</Description>
      <DisplayFormat>%.2f</DisplayFormat>
      <Minimum>-1000</Minimum>
      <Maximum>1000</Maximum>
      <SortID>1402</SortID>
      <UnkC8>右目</UnkC8>
    </Field>
    <Field Def="f32 eyeR_irisScale">
      <DisplayName>虹彩の大きさ</DisplayName>
      <Description>右目の虹彩の大きさ</Description>
      <DisplayFormat>%.2f</DisplayFormat>
      <Minimum>-1000</Minimum>
      <Maximum>1000</Maximum>
      <SortID>1410</SortID>
      <UnkC8>右目</UnkC8>
    </Field>
    <Field Def="f32 eyeR_cataract">
      <DisplayName>水晶体の濁り</DisplayName>
      <Description>右目の水晶体の濁り</Description>
      <DisplayFormat>%.2f</DisplayFormat>
      <Minimum>-1000</Minimum>
      <Maximum>1000</Maximum>
      <SortID>1420</SortID>
      <UnkC8>右目</UnkC8>
    </Field>
    <Field Def="f32 eyeR_cataractColor_R">
      <DisplayName>水晶体の濁りの色(Ｒ)</DisplayName>
      <Description>右目の水晶体の濁りの色(Ｒ)</Description>
      <DisplayFormat>%.2f</DisplayFormat>
      <Minimum>-1000</Minimum>
      <Maximum>1000</Maximum>
      <SortID>1430</SortID>
      <UnkC8>右目</UnkC8>
    </Field>
    <Field Def="f32 eyeR_cataractColor_G">
      <DisplayName>水晶体の濁りの色(Ｇ)</DisplayName>
      <Description>右目の水晶体の濁りの色(Ｇ)</Description>
      <DisplayFormat>%.2f</DisplayFormat>
      <Minimum>-1000</Minimum>
      <Maximum>1000</Maximum>
      <SortID>1431</SortID>
      <UnkC8>右目</UnkC8>
    </Field>
    <Field Def="f32 eyeR_cataractColor_B">
      <DisplayName>水晶体の濁りの色(Ｂ)</DisplayName>
      <Description>右目の水晶体の濁りの色(Ｂ)</Description>
      <DisplayFormat>%.2f</DisplayFormat>
      <Minimum>-1000</Minimum>
      <Maximum>1000</Maximum>
      <SortID>1432</SortID>
      <UnkC8>右目</UnkC8>
    </Field>
    <Field Def="f32 eyeR_scleraColor_R">
      <DisplayName>白目の色(Ｒ)</DisplayName>
      <Description>右目の白目の色(Ｒ)</Description>
      <DisplayFormat>%.2f</DisplayFormat>
      <Minimum>-1000</Minimum>
      <Maximum>1000</Maximum>
      <SortID>1440</SortID>
      <UnkC8>右目</UnkC8>
    </Field>
    <Field Def="f32 eyeR_scleraColor_G">
      <DisplayName>白目の色(G)</DisplayName>
      <Description>右目の白目の色(G)</Description>
      <DisplayFormat>%.2f</DisplayFormat>
      <Minimum>-1000</Minimum>
      <Maximum>1000</Maximum>
      <SortID>1441</SortID>
      <UnkC8>右目</UnkC8>
    </Field>
    <Field Def="f32 eyeR_scleraColor_B">
      <DisplayName>白目の色(B)</DisplayName>
      <Description>右目の白目の色(B)</Description>
      <DisplayFormat>%.2f</DisplayFormat>
      <Minimum>-1000</Minimum>
      <Maximum>1000</Maximum>
      <SortID>1442</SortID>
      <UnkC8>右目</UnkC8>
    </Field>
    <Field Def="f32 eyeR_irisDistance">
      <DisplayName>虹彩の位置</DisplayName>
      <Description>右目の虹彩の位置</Description>
      <DisplayFormat>%.2f</DisplayFormat>
      <Minimum>-1000</Minimum>
      <Maximum>1000</Maximum>
      <SortID>1450</SortID>
      <UnkC8>右目</UnkC8>
    </Field>
    <Field Def="f32 eyeL_irisColor_R">
      <DisplayName>虹彩の色(Ｒ)</DisplayName>
      <Description>左目の虹彩の色(Ｒ)</Description>
      <DisplayFormat>%.2f</DisplayFormat>
      <Minimum>-1000</Minimum>
      <Maximum>1000</Maximum>
      <SortID>1500</SortID>
      <UnkC8>左目</UnkC8>
    </Field>
    <Field Def="f32 eyeL_irisColor_G">
      <DisplayName>虹彩の色(Ｇ)</DisplayName>
      <Description>左目の虹彩の色(Ｇ)</Description>
      <DisplayFormat>%.2f</DisplayFormat>
      <Minimum>-1000</Minimum>
      <Maximum>1000</Maximum>
      <SortID>1501</SortID>
      <UnkC8>左目</UnkC8>
    </Field>
    <Field Def="f32 eyeL_irisColor_B">
      <DisplayName>虹彩の色(Ｂ)</DisplayName>
      <Description>左目の虹彩の色(Ｂ)</Description>
      <DisplayFormat>%.2f</DisplayFormat>
      <Minimum>-1000</Minimum>
      <Maximum>1000</Maximum>
      <SortID>1502</SortID>
      <UnkC8>左目</UnkC8>
    </Field>
    <Field Def="f32 eyeL_irisScale">
      <DisplayName>虹彩の大きさ</DisplayName>
      <Description>左目の虹彩の大きさ</Description>
      <DisplayFormat>%.2f</DisplayFormat>
      <Minimum>-1000</Minimum>
      <Maximum>1000</Maximum>
      <SortID>1510</SortID>
      <UnkC8>左目</UnkC8>
    </Field>
    <Field Def="f32 eyeL_cataract">
      <DisplayName>水晶体の濁り</DisplayName>
      <Description>左目の水晶体の濁り</Description>
      <DisplayFormat>%.2f</DisplayFormat>
      <Minimum>-1000</Minimum>
      <Maximum>1000</Maximum>
      <SortID>1520</SortID>
      <UnkC8>左目</UnkC8>
    </Field>
    <Field Def="f32 eyeL_cataractColor_R">
      <DisplayName>水晶体の濁りの色(Ｒ)</DisplayName>
      <Description>左目の水晶体の濁りの色(Ｒ)</Description>
      <DisplayFormat>%.2f</DisplayFormat>
      <Minimum>-1000</Minimum>
      <Maximum>1000</Maximum>
      <SortID>1530</SortID>
      <UnkC8>左目</UnkC8>
    </Field>
    <Field Def="f32 eyeL_cataractColor_G">
      <DisplayName>水晶体の濁りの色(Ｇ)</DisplayName>
      <Description>左目の水晶体の濁りの色(Ｇ)</Description>
      <DisplayFormat>%.2f</DisplayFormat>
      <Minimum>-1000</Minimum>
      <Maximum>1000</Maximum>
      <SortID>1531</SortID>
      <UnkC8>左目</UnkC8>
    </Field>
    <Field Def="f32 eyeL_cataractColor_B">
      <DisplayName>水晶体の濁りの色(Ｂ)</DisplayName>
      <Description>左目の水晶体の濁りの色(Ｂ)</Description>
      <DisplayFormat>%.2f</DisplayFormat>
      <Minimum>-1000</Minimum>
      <Maximum>1000</Maximum>
      <SortID>1532</SortID>
      <UnkC8>左目</UnkC8>
    </Field>
    <Field Def="f32 eyeL_scleraColor_R">
      <DisplayName>白目の色(Ｒ)</DisplayName>
      <Description>左目の白目の色(Ｒ)</Description>
      <DisplayFormat>%.2f</DisplayFormat>
      <Minimum>-1000</Minimum>
      <Maximum>1000</Maximum>
      <SortID>1540</SortID>
      <UnkC8>左目</UnkC8>
    </Field>
    <Field Def="f32 eyeL_scleraColor_G">
      <DisplayName>白目の色(G)</DisplayName>
      <Description>左目の白目の色(G)</Description>
      <DisplayFormat>%.2f</DisplayFormat>
      <Minimum>-1000</Minimum>
      <Maximum>1000</Maximum>
      <SortID>1541</SortID>
      <UnkC8>左目</UnkC8>
    </Field>
    <Field Def="f32 eyeL_scleraColor_B">
      <DisplayName>白目の色(B)</DisplayName>
      <Description>左目の白目の色(B)</Description>
      <DisplayFormat>%.2f</DisplayFormat>
      <Minimum>-1000</Minimum>
      <Maximum>1000</Maximum>
      <SortID>1542</SortID>
      <UnkC8>左目</UnkC8>
    </Field>
    <Field Def="f32 eyeL_irisDistance">
      <DisplayName>虹彩の位置</DisplayName>
      <Description>左目の虹彩の位置</Description>
      <DisplayFormat>%.2f</DisplayFormat>
      <Minimum>-1000</Minimum>
      <Maximum>1000</Maximum>
      <SortID>1550</SortID>
      <UnkC8>左目</UnkC8>
    </Field>
    <Field Def="f32 hair_partsId">
      <DisplayName>髪パーツID</DisplayName>
      <Description>髪パーツID</Description>
      <DisplayFormat>%.2f</DisplayFormat>
      <Minimum>-1000</Minimum>
      <Maximum>1000</Maximum>
      <SortID>1600</SortID>
      <UnkC8>髪</UnkC8>
    </Field>
    <Field Def="f32 hair_color_R">
      <DisplayName>髪の色(Ｒ)</DisplayName>
      <Description>髪の色(Ｒ)</Description>
      <DisplayFormat>%.2f</DisplayFormat>
      <Minimum>-1000</Minimum>
      <Maximum>1000</Maximum>
      <SortID>1610</SortID>
      <UnkC8>髪</UnkC8>
    </Field>
    <Field Def="f32 hair_color_G">
      <DisplayName>髪の色(Ｇ)</DisplayName>
      <Description>髪の色(Ｇ)</Description>
      <DisplayFormat>%.2f</DisplayFormat>
      <Minimum>-1000</Minimum>
      <Maximum>1000</Maximum>
      <SortID>1611</SortID>
      <UnkC8>髪</UnkC8>
    </Field>
    <Field Def="f32 hair_color_B">
      <DisplayName>髪の色(Ｂ)</DisplayName>
      <Description>髪の色(Ｂ)</Description>
      <DisplayFormat>%.2f</DisplayFormat>
      <Minimum>-1000</Minimum>
      <Maximum>1000</Maximum>
      <SortID>1612</SortID>
      <UnkC8>髪</UnkC8>
    </Field>
    <Field Def="f32 hair_shininess">
      <DisplayName>光沢</DisplayName>
      <Description>髪の光沢</Description>
      <DisplayFormat>%.2f</DisplayFormat>
      <Minimum>-1000</Minimum>
      <Maximum>1000</Maximum>
      <SortID>1620</SortID>
      <UnkC8>髪</UnkC8>
    </Field>
    <Field Def="f32 hair_rootBlack">
      <DisplayName>根元の黒さ</DisplayName>
      <Description>髪の根元の黒さ</Description>
      <DisplayFormat>%.2f</DisplayFormat>
      <Minimum>-1000</Minimum>
      <Maximum>1000</Maximum>
      <SortID>1630</SortID>
      <UnkC8>髪</UnkC8>
    </Field>
    <Field Def="f32 hair_whiteDensity">
      <DisplayName>白髪の量</DisplayName>
      <Description>髪の白髪の量</Description>
      <DisplayFormat>%.2f</DisplayFormat>
      <Minimum>-1000</Minimum>
      <Maximum>1000</Maximum>
      <SortID>1640</SortID>
      <UnkC8>髪</UnkC8>
    </Field>
    <Field Def="f32 beard_partsId">
      <DisplayName>髭パーツID</DisplayName>
      <Description>髭パーツID</Description>
      <DisplayFormat>%.2f</DisplayFormat>
      <Minimum>-1000</Minimum>
      <Maximum>1000</Maximum>
      <SortID>1700</SortID>
      <UnkC8>髭</UnkC8>
    </Field>
    <Field Def="f32 beard_color_R">
      <DisplayName>髭の色(Ｒ)</DisplayName>
      <Description>髭の色(Ｒ)</Description>
      <DisplayFormat>%.2f</DisplayFormat>
      <Minimum>-1000</Minimum>
      <Maximum>1000</Maximum>
      <SortID>1710</SortID>
      <UnkC8>髭</UnkC8>
    </Field>
    <Field Def="f32 beard_color_G">
      <DisplayName>髭の色(Ｇ)</DisplayName>
      <Description>髭の色(Ｇ)</Description>
      <DisplayFormat>%.2f</DisplayFormat>
      <Minimum>-1000</Minimum>
      <Maximum>1000</Maximum>
      <SortID>1711</SortID>
      <UnkC8>髭</UnkC8>
    </Field>
    <Field Def="f32 beard_color_B">
      <DisplayName>髭の色(Ｂ)</DisplayName>
      <Description>髭の色(Ｂ)</Description>
      <DisplayFormat>%.2f</DisplayFormat>
      <Minimum>-1000</Minimum>
      <Maximum>1000</Maximum>
      <SortID>1712</SortID>
      <UnkC8>髭</UnkC8>
    </Field>
    <Field Def="f32 beard_shininess">
      <DisplayName>光沢</DisplayName>
      <Description>髭の光沢</Description>
      <DisplayFormat>%.2f</DisplayFormat>
      <Minimum>-1000</Minimum>
      <Maximum>1000</Maximum>
      <SortID>1720</SortID>
      <UnkC8>髭</UnkC8>
    </Field>
    <Field Def="f32 beard_rootBlack">
      <DisplayName>根元の黒さ</DisplayName>
      <Description>髭の根元の黒さ</Description>
      <DisplayFormat>%.2f</DisplayFormat>
      <Minimum>-1000</Minimum>
      <Maximum>1000</Maximum>
      <SortID>1730</SortID>
      <UnkC8>髭</UnkC8>
    </Field>
    <Field Def="f32 beard_whiteDensity">
      <DisplayName>白髪の量</DisplayName>
      <Description>髭の白髪の量</Description>
      <DisplayFormat>%.2f</DisplayFormat>
      <Minimum>-1000</Minimum>
      <Maximum>1000</Maximum>
      <SortID>1740</SortID>
      <UnkC8>髭</UnkC8>
    </Field>
    <Field Def="f32 eyebrow_partsId">
      <DisplayName>眉パーツID</DisplayName>
      <Description>眉パーツID</Description>
      <DisplayFormat>%.2f</DisplayFormat>
      <Minimum>-1000</Minimum>
      <Maximum>1000</Maximum>
      <SortID>1800</SortID>
      <UnkC8>眉</UnkC8>
    </Field>
    <Field Def="f32 eyebrow_color_R">
      <DisplayName>眉の色(Ｒ)</DisplayName>
      <Description>眉の色(Ｒ)</Description>
      <DisplayFormat>%.2f</DisplayFormat>
      <Minimum>-1000</Minimum>
      <Maximum>1000</Maximum>
      <SortID>1810</SortID>
      <UnkC8>眉</UnkC8>
    </Field>
    <Field Def="f32 eyebrow_color_G">
      <DisplayName>眉の色(Ｇ)</DisplayName>
      <Description>眉の色(Ｇ)</Description>
      <DisplayFormat>%.2f</DisplayFormat>
      <Minimum>-1000</Minimum>
      <Maximum>1000</Maximum>
      <SortID>1811</SortID>
      <UnkC8>眉</UnkC8>
    </Field>
    <Field Def="f32 eyebrow_color_B">
      <DisplayName>眉の色(Ｂ)</DisplayName>
      <Description>眉の色(Ｂ)</Description>
      <DisplayFormat>%.2f</DisplayFormat>
      <Minimum>-1000</Minimum>
      <Maximum>1000</Maximum>
      <SortID>1812</SortID>
      <UnkC8>眉</UnkC8>
    </Field>
    <Field Def="f32 eyebrow_shininess">
      <DisplayName>光沢</DisplayName>
      <Description>眉の光沢</Description>
      <DisplayFormat>%.2f</DisplayFormat>
      <Minimum>-1000</Minimum>
      <Maximum>1000</Maximum>
      <SortID>1820</SortID>
      <UnkC8>眉</UnkC8>
    </Field>
    <Field Def="f32 eyebrow_rootBlack">
      <DisplayName>根元の黒さ</DisplayName>
      <Description>眉の根元の黒さ</Description>
      <DisplayFormat>%.2f</DisplayFormat>
      <Minimum>-1000</Minimum>
      <Maximum>1000</Maximum>
      <SortID>1830</SortID>
      <UnkC8>眉</UnkC8>
    </Field>
    <Field Def="f32 eyebrow_whiteDensity">
      <DisplayName>白髪の量</DisplayName>
      <Description>眉の白髪の量</Description>
      <DisplayFormat>%.2f</DisplayFormat>
      <Minimum>-1000</Minimum>
      <Maximum>1000</Maximum>
      <SortID>1840</SortID>
      <UnkC8>眉</UnkC8>
    </Field>
    <Field Def="f32 eyelash_partsId">
      <DisplayName>まつげパーツID</DisplayName>
      <Description>まつげパーツID</Description>
      <DisplayFormat>%.2f</DisplayFormat>
      <Minimum>-1000</Minimum>
      <Maximum>1000</Maximum>
      <SortID>1900</SortID>
      <UnkC8>まつげ</UnkC8>
    </Field>
    <Field Def="f32 eyelash_color_R">
      <DisplayName>まつげの色(Ｒ)</DisplayName>
      <Description>まつげの色(Ｒ)</Description>
      <DisplayFormat>%.2f</DisplayFormat>
      <Minimum>-1000</Minimum>
      <Maximum>1000</Maximum>
      <SortID>1910</SortID>
      <UnkC8>まつげ</UnkC8>
    </Field>
    <Field Def="f32 eyelash_color_G">
      <DisplayName>まつげの色(Ｇ)</DisplayName>
      <Description>まつげの色(Ｇ)</Description>
      <DisplayFormat>%.2f</DisplayFormat>
      <Minimum>-1000</Minimum>
      <Maximum>1000</Maximum>
      <SortID>1911</SortID>
      <UnkC8>まつげ</UnkC8>
    </Field>
    <Field Def="f32 eyelash_color_B">
      <DisplayName>まつげの色(Ｂ)</DisplayName>
      <Description>まつげの色(Ｂ)</Description>
      <DisplayFormat>%.2f</DisplayFormat>
      <Minimum>-1000</Minimum>
      <Maximum>1000</Maximum>
      <SortID>1912</SortID>
      <UnkC8>まつげ</UnkC8>
    </Field>
    <Field Def="f32 accessories_partsId">
      <DisplayName>装飾パーツID</DisplayName>
      <Description>装飾パーツID</Description>
      <DisplayFormat>%.2f</DisplayFormat>
      <Minimum>-1000</Minimum>
      <Maximum>1000</Maximum>
      <SortID>2000</SortID>
      <UnkC8>装飾</UnkC8>
    </Field>
    <Field Def="f32 accessories_color_R">
      <DisplayName>装飾の色(Ｒ)</DisplayName>
      <Description>装飾の色(Ｒ)</Description>
      <DisplayFormat>%.2f</DisplayFormat>
      <Minimum>-1000</Minimum>
      <Maximum>1000</Maximum>
      <SortID>2010</SortID>
      <UnkC8>装飾</UnkC8>
    </Field>
    <Field Def="f32 accessories_color_G">
      <DisplayName>装飾の色(Ｇ)</DisplayName>
      <Description>装飾の色(Ｇ)</Description>
      <DisplayFormat>%.2f</DisplayFormat>
      <Minimum>-1000</Minimum>
      <Maximum>1000</Maximum>
      <SortID>2011</SortID>
      <UnkC8>装飾</UnkC8>
    </Field>
    <Field Def="f32 accessories_color_B">
      <DisplayName>装飾の色(Ｂ)</DisplayName>
      <Description>装飾の色(Ｂ)</Description>
      <DisplayFormat>%.2f</DisplayFormat>
      <Minimum>-1000</Minimum>
      <Maximum>1000</Maximum>
      <SortID>2012</SortID>
      <UnkC8>装飾</UnkC8>
    </Field>
    <Field Def="f32 decal_partsId">
      <DisplayName>デカールパーツID</DisplayName>
      <Description>デカールパーツID</Description>
      <DisplayFormat>%.2f</DisplayFormat>
      <Minimum>-1000</Minimum>
      <Maximum>1000</Maximum>
      <SortID>2100</SortID>
      <UnkC8>デカール</UnkC8>
    </Field>
    <Field Def="f32 decal_posX">
      <DisplayName>デカール位置(x)</DisplayName>
      <Description>デカール位置(x)</Description>
      <DisplayFormat>%.2f</DisplayFormat>
      <Minimum>-1000</Minimum>
      <Maximum>1000</Maximum>
      <SortID>2110</SortID>
      <UnkC8>デカール</UnkC8>
    </Field>
    <Field Def="f32 decal_posY">
      <DisplayName>デカール位置(y)</DisplayName>
      <Description>デカール位置(y)</Description>
      <DisplayFormat>%.2f</DisplayFormat>
      <Minimum>-1000</Minimum>
      <Maximum>1000</Maximum>
      <SortID>2111</SortID>
      <UnkC8>デカール</UnkC8>
    </Field>
    <Field Def="f32 decal_angle">
      <DisplayName>デカール角度</DisplayName>
      <Description>デカール角度</Description>
      <DisplayFormat>%.2f</DisplayFormat>
      <Minimum>-1000</Minimum>
      <Maximum>1000</Maximum>
      <SortID>2120</SortID>
      <UnkC8>デカール</UnkC8>
    </Field>
    <Field Def="f32 decal_scale">
      <DisplayName>デカールスケール</DisplayName>
      <Description>デカールスケール</Description>
      <DisplayFormat>%.2f</DisplayFormat>
      <Minimum>-1000</Minimum>
      <Maximum>1000</Maximum>
      <SortID>2130</SortID>
      <UnkC8>デカール</UnkC8>
    </Field>
    <Field Def="f32 decal_color_R">
      <DisplayName>デカールの色(Ｒ)</DisplayName>
      <Description>デカールの色(Ｒ)</Description>
      <DisplayFormat>%.2f</DisplayFormat>
      <Minimum>-1000</Minimum>
      <Maximum>1000</Maximum>
      <SortID>2140</SortID>
      <UnkC8>デカール</UnkC8>
    </Field>
    <Field Def="f32 decal_color_G">
      <DisplayName>デカールの色(Ｇ)</DisplayName>
      <Description>デカールの色(Ｇ)</Description>
      <DisplayFormat>%.2f</DisplayFormat>
      <Minimum>-1000</Minimum>
      <Maximum>1000</Maximum>
      <SortID>2141</SortID>
      <UnkC8>デカール</UnkC8>
    </Field>
    <Field Def="f32 decal_color_B">
      <DisplayName>デカールの色(Ｂ)</DisplayName>
      <Description>デカールの色(Ｂ)</Description>
      <DisplayFormat>%.2f</DisplayFormat>
      <Minimum>-1000</Minimum>
      <Maximum>1000</Maximum>
      <SortID>2142</SortID>
      <UnkC8>デカール</UnkC8>
    </Field>
    <Field Def="f32 decal_gloss">
      <DisplayName>デカールのつや</DisplayName>
      <Description>デカールのつや</Description>
      <DisplayFormat>%.2f</DisplayFormat>
      <Minimum>-1000</Minimum>
      <Maximum>1000</Maximum>
      <SortID>2150</SortID>
      <UnkC8>デカール</UnkC8>
    </Field>
    <Field Def="f32 decal_mirror">
      <DisplayName>デカールの反転</DisplayName>
      <Description>デカールの反転</Description>
      <DisplayFormat>%.2f</DisplayFormat>
      <Minimum>-1000</Minimum>
      <Maximum>1000</Maximum>
      <SortID>2160</SortID>
      <UnkC8>デカール</UnkC8>
    </Field>
    <Field Def="f32 chrBodyScaleHead">
      <DisplayName>キャラ体型頭部スケール</DisplayName>
      <Description>キャラ体型頭部スケール</Description>
      <DisplayFormat>%.2f</DisplayFormat>
      <Minimum>-1000</Minimum>
      <Maximum>1000</Maximum>
      <SortID>2500</SortID>
      <UnkC8>体型スケール</UnkC8>
    </Field>
    <Field Def="f32 chrBodyScaleBreast">
      <DisplayName>キャラ体型胸部スケール</DisplayName>
      <Description>キャラ体型胸部スケール</Description>
      <DisplayFormat>%.2f</DisplayFormat>
      <Minimum>-1000</Minimum>
      <Maximum>1000</Maximum>
      <SortID>2510</SortID>
      <UnkC8>体型スケール</UnkC8>
    </Field>
    <Field Def="f32 chrBodyScaleAbdomen">
      <DisplayName>キャラ体型腹部スケール</DisplayName>
      <Description>キャラ体型腹部スケール</Description>
      <DisplayFormat>%.2f</DisplayFormat>
      <Minimum>-1000</Minimum>
      <Maximum>1000</Maximum>
      <SortID>2520</SortID>
      <UnkC8>体型スケール</UnkC8>
    </Field>
    <Field Def="f32 chrBodyScaleArm">
      <DisplayName>キャラ体型腕部スケール</DisplayName>
      <Description>キャラ体型腕部スケール</Description>
      <DisplayFormat>%.2f</DisplayFormat>
      <Minimum>-1000</Minimum>
      <Maximum>1000</Maximum>
      <SortID>2530</SortID>
      <UnkC8>体型スケール</UnkC8>
    </Field>
    <Field Def="f32 chrBodyScaleLeg">
      <DisplayName>キャラ体型脚部スケール</DisplayName>
      <Description>キャラ体型脚部スケール</Description>
      <DisplayFormat>%.2f</DisplayFormat>
      <Minimum>-1000</Minimum>
      <Maximum>1000</Maximum>
      <SortID>2540</SortID>
      <UnkC8>体型スケール</UnkC8>
    </Field>
    <Field Def="f32 age">
      <DisplayName>年齢</DisplayName>
      <Description>年齢</Description>
      <DisplayFormat>%.2f</DisplayFormat>
      <Minimum>-1000</Minimum>
      <Maximum>1000</Maximum>
      <SortID>3000</SortID>
      <UnkC8>FaceGen</UnkC8>
    </Field>
    <Field Def="f32 gender">
      <DisplayName>性別</DisplayName>
      <Description>性別</Description>
      <DisplayFormat>%.2f</DisplayFormat>
      <Minimum>-1000</Minimum>
      <Maximum>1000</Maximum>
      <SortID>3100</SortID>
      <UnkC8>FaceGen</UnkC8>
    </Field>
    <Field Def="f32 caricatureGeometry">
      <DisplayName>誇張（モデル）</DisplayName>
      <Description>誇張（モデル）</Description>
      <DisplayFormat>%.2f</DisplayFormat>
      <Minimum>-1000</Minimum>
      <Maximum>1000</Maximum>
      <SortID>3200</SortID>
      <UnkC8>FaceGen</UnkC8>
    </Field>
    <Field Def="f32 caricatureTexture">
      <DisplayName>誇張（テクスチャ）</DisplayName>
      <Description>誇張（テクスチャ）</Description>
      <DisplayFormat>%.2f</DisplayFormat>
      <Minimum>-1000</Minimum>
      <Maximum>1000</Maximum>
      <SortID>3300</SortID>
      <UnkC8>FaceGen</UnkC8>
    </Field>
    <Field Def="f32 faceGeoData00">
      <DisplayName>顔作成ジオメトリデータ00</DisplayName>
      <Description>顔作成ジオメトリデータ00</Description>
      <DisplayFormat>%.2f</DisplayFormat>
      <Minimum>-1000</Minimum>
      <Maximum>1000</Maximum>
      <SortID>3400</SortID>
      <UnkC8>FaceGen</UnkC8>
    </Field>
    <Field Def="f32 faceGeoData01">
      <DisplayName>顔作成ジオメトリデータ01</DisplayName>
      <Description>顔作成ジオメトリデータ01</Description>
      <DisplayFormat>%.2f</DisplayFormat>
      <Minimum>-1000</Minimum>
      <Maximum>1000</Maximum>
      <SortID>3401</SortID>
      <UnkC8>FaceGen</UnkC8>
    </Field>
    <Field Def="f32 faceGeoData02">
      <DisplayName>顔作成ジオメトリデータ02</DisplayName>
      <Description>顔作成ジオメトリデータ02</Description>
      <DisplayFormat>%.2f</DisplayFormat>
      <Minimum>-1000</Minimum>
      <Maximum>1000</Maximum>
      <SortID>3402</SortID>
      <UnkC8>FaceGen</UnkC8>
    </Field>
    <Field Def="f32 faceGeoData03">
      <DisplayName>顔作成ジオメトリデータ03</DisplayName>
      <Description>顔作成ジオメトリデータ03</Description>
      <DisplayFormat>%.2f</DisplayFormat>
      <Minimum>-1000</Minimum>
      <Maximum>1000</Maximum>
      <SortID>3403</SortID>
      <UnkC8>FaceGen</UnkC8>
    </Field>
    <Field Def="f32 faceGeoData04">
      <DisplayName>顔作成ジオメトリデータ04</DisplayName>
      <Description>顔作成ジオメトリデータ04</Description>
      <DisplayFormat>%.2f</DisplayFormat>
      <Minimum>-1000</Minimum>
      <Maximum>1000</Maximum>
      <SortID>3404</SortID>
      <UnkC8>FaceGen</UnkC8>
    </Field>
    <Field Def="f32 faceGeoData05">
      <DisplayName>顔作成ジオメトリデータ05</DisplayName>
      <Description>顔作成ジオメトリデータ05</Description>
      <DisplayFormat>%.2f</DisplayFormat>
      <Minimum>-1000</Minimum>
      <Maximum>1000</Maximum>
      <SortID>3405</SortID>
      <UnkC8>FaceGen</UnkC8>
    </Field>
    <Field Def="f32 faceGeoData06">
      <DisplayName>顔作成ジオメトリデータ06</DisplayName>
      <Description>顔作成ジオメトリデータ06</Description>
      <DisplayFormat>%.2f</DisplayFormat>
      <Minimum>-1000</Minimum>
      <Maximum>1000</Maximum>
      <SortID>3406</SortID>
      <UnkC8>FaceGen</UnkC8>
    </Field>
    <Field Def="f32 faceGeoData07">
      <DisplayName>顔作成ジオメトリデータ07</DisplayName>
      <Description>顔作成ジオメトリデータ07</Description>
      <DisplayFormat>%.2f</DisplayFormat>
      <Minimum>-1000</Minimum>
      <Maximum>1000</Maximum>
      <SortID>3407</SortID>
      <UnkC8>FaceGen</UnkC8>
    </Field>
    <Field Def="f32 faceGeoData08">
      <DisplayName>顔作成ジオメトリデータ08</DisplayName>
      <Description>顔作成ジオメトリデータ08</Description>
      <DisplayFormat>%.2f</DisplayFormat>
      <Minimum>-1000</Minimum>
      <Maximum>1000</Maximum>
      <SortID>3408</SortID>
      <UnkC8>FaceGen</UnkC8>
    </Field>
    <Field Def="f32 faceGeoData09">
      <DisplayName>顔作成ジオメトリデータ09</DisplayName>
      <Description>顔作成ジオメトリデータ09</Description>
      <DisplayFormat>%.2f</DisplayFormat>
      <Minimum>-1000</Minimum>
      <Maximum>1000</Maximum>
      <SortID>3409</SortID>
      <UnkC8>FaceGen</UnkC8>
    </Field>
    <Field Def="f32 faceGeoData10">
      <DisplayName>顔作成ジオメトリデータ10</DisplayName>
      <Description>顔作成ジオメトリデータ10</Description>
      <DisplayFormat>%.2f</DisplayFormat>
      <Minimum>-1000</Minimum>
      <Maximum>1000</Maximum>
      <SortID>3410</SortID>
      <UnkC8>FaceGen</UnkC8>
    </Field>
    <Field Def="f32 faceGeoData11">
      <DisplayName>顔作成ジオメトリデータ11</DisplayName>
      <Description>顔作成ジオメトリデータ11</Description>
      <DisplayFormat>%.2f</DisplayFormat>
      <Minimum>-1000</Minimum>
      <Maximum>1000</Maximum>
      <SortID>3411</SortID>
      <UnkC8>FaceGen</UnkC8>
    </Field>
    <Field Def="f32 faceGeoData12">
      <DisplayName>顔作成ジオメトリデータ12</DisplayName>
      <Description>顔作成ジオメトリデータ12</Description>
      <DisplayFormat>%.2f</DisplayFormat>
      <Minimum>-1000</Minimum>
      <Maximum>1000</Maximum>
      <SortID>3412</SortID>
      <UnkC8>FaceGen</UnkC8>
    </Field>
    <Field Def="f32 faceGeoData13">
      <DisplayName>顔作成ジオメトリデータ13</DisplayName>
      <Description>顔作成ジオメトリデータ13</Description>
      <DisplayFormat>%.2f</DisplayFormat>
      <Minimum>-1000</Minimum>
      <Maximum>1000</Maximum>
      <SortID>3413</SortID>
      <UnkC8>FaceGen</UnkC8>
    </Field>
    <Field Def="f32 faceGeoData14">
      <DisplayName>顔作成ジオメトリデータ14</DisplayName>
      <Description>顔作成ジオメトリデータ14</Description>
      <DisplayFormat>%.2f</DisplayFormat>
      <Minimum>-1000</Minimum>
      <Maximum>1000</Maximum>
      <SortID>3414</SortID>
      <UnkC8>FaceGen</UnkC8>
    </Field>
    <Field Def="f32 faceGeoData15">
      <DisplayName>顔作成ジオメトリデータ15</DisplayName>
      <Description>顔作成ジオメトリデータ15</Description>
      <DisplayFormat>%.2f</DisplayFormat>
      <Minimum>-1000</Minimum>
      <Maximum>1000</Maximum>
      <SortID>3415</SortID>
      <UnkC8>FaceGen</UnkC8>
    </Field>
    <Field Def="f32 faceGeoData16">
      <DisplayName>顔作成ジオメトリデータ16</DisplayName>
      <Description>顔作成ジオメトリデータ16</Description>
      <DisplayFormat>%.2f</DisplayFormat>
      <Minimum>-1000</Minimum>
      <Maximum>1000</Maximum>
      <SortID>3416</SortID>
      <UnkC8>FaceGen</UnkC8>
    </Field>
    <Field Def="f32 faceGeoData17">
      <DisplayName>顔作成ジオメトリデータ17</DisplayName>
      <Description>顔作成ジオメトリデータ17</Description>
      <DisplayFormat>%.2f</DisplayFormat>
      <Minimum>-1000</Minimum>
      <Maximum>1000</Maximum>
      <SortID>3417</SortID>
      <UnkC8>FaceGen</UnkC8>
    </Field>
    <Field Def="f32 faceGeoData18">
      <DisplayName>顔作成ジオメトリデータ18</DisplayName>
      <Description>顔作成ジオメトリデータ18</Description>
      <DisplayFormat>%.2f</DisplayFormat>
      <Minimum>-1000</Minimum>
      <Maximum>1000</Maximum>
      <SortID>3418</SortID>
      <UnkC8>FaceGen</UnkC8>
    </Field>
    <Field Def="f32 faceGeoData19">
      <DisplayName>顔作成ジオメトリデータ19</DisplayName>
      <Description>顔作成ジオメトリデータ19</Description>
      <DisplayFormat>%.2f</DisplayFormat>
      <Minimum>-1000</Minimum>
      <Maximum>1000</Maximum>
      <SortID>3419</SortID>
      <UnkC8>FaceGen</UnkC8>
    </Field>
    <Field Def="f32 faceGeoData20">
      <DisplayName>顔作成ジオメトリデータ20</DisplayName>
      <Description>顔作成ジオメトリデータ20</Description>
      <DisplayFormat>%.2f</DisplayFormat>
      <Minimum>-1000</Minimum>
      <Maximum>1000</Maximum>
      <SortID>3420</SortID>
      <UnkC8>FaceGen</UnkC8>
    </Field>
    <Field Def="f32 faceGeoData21">
      <DisplayName>顔作成ジオメトリデータ21</DisplayName>
      <Description>顔作成ジオメトリデータ21</Description>
      <DisplayFormat>%.2f</DisplayFormat>
      <Minimum>-1000</Minimum>
      <Maximum>1000</Maximum>
      <SortID>3421</SortID>
      <UnkC8>FaceGen</UnkC8>
    </Field>
    <Field Def="f32 faceGeoData22">
      <DisplayName>顔作成ジオメトリデータ22</DisplayName>
      <Description>顔作成ジオメトリデータ22</Description>
      <DisplayFormat>%.2f</DisplayFormat>
      <Minimum>-1000</Minimum>
      <Maximum>1000</Maximum>
      <SortID>3422</SortID>
      <UnkC8>FaceGen</UnkC8>
    </Field>
    <Field Def="f32 faceGeoData23">
      <DisplayName>顔作成ジオメトリデータ23</DisplayName>
      <Description>顔作成ジオメトリデータ23</Description>
      <DisplayFormat>%.2f</DisplayFormat>
      <Minimum>-1000</Minimum>
      <Maximum>1000</Maximum>
      <SortID>3423</SortID>
      <UnkC8>FaceGen</UnkC8>
    </Field>
    <Field Def="f32 faceGeoData24">
      <DisplayName>顔作成ジオメトリデータ24</DisplayName>
      <Description>顔作成ジオメトリデータ24</Description>
      <DisplayFormat>%.2f</DisplayFormat>
      <Minimum>-1000</Minimum>
      <Maximum>1000</Maximum>
      <SortID>3424</SortID>
      <UnkC8>FaceGen</UnkC8>
    </Field>
    <Field Def="f32 faceGeoData25">
      <DisplayName>顔作成ジオメトリデータ25</DisplayName>
      <Description>顔作成ジオメトリデータ25</Description>
      <DisplayFormat>%.2f</DisplayFormat>
      <Minimum>-1000</Minimum>
      <Maximum>1000</Maximum>
      <SortID>3425</SortID>
      <UnkC8>FaceGen</UnkC8>
    </Field>
    <Field Def="f32 faceGeoData26">
      <DisplayName>顔作成ジオメトリデータ26</DisplayName>
      <Description>顔作成ジオメトリデータ26</Description>
      <DisplayFormat>%.2f</DisplayFormat>
      <Minimum>-1000</Minimum>
      <Maximum>1000</Maximum>
      <SortID>3426</SortID>
      <UnkC8>FaceGen</UnkC8>
    </Field>
    <Field Def="f32 faceGeoData27">
      <DisplayName>顔作成ジオメトリデータ27</DisplayName>
      <Description>顔作成ジオメトリデータ27</Description>
      <DisplayFormat>%.2f</DisplayFormat>
      <Minimum>-1000</Minimum>
      <Maximum>1000</Maximum>
      <SortID>3427</SortID>
      <UnkC8>FaceGen</UnkC8>
    </Field>
    <Field Def="f32 faceGeoData28">
      <DisplayName>顔作成ジオメトリデータ28</DisplayName>
      <Description>顔作成ジオメトリデータ28</Description>
      <DisplayFormat>%.2f</DisplayFormat>
      <Minimum>-1000</Minimum>
      <Maximum>1000</Maximum>
      <SortID>3428</SortID>
      <UnkC8>FaceGen</UnkC8>
    </Field>
    <Field Def="f32 faceGeoData29">
      <DisplayName>顔作成ジオメトリデータ29</DisplayName>
      <Description>顔作成ジオメトリデータ29</Description>
      <DisplayFormat>%.2f</DisplayFormat>
      <Minimum>-1000</Minimum>
      <Maximum>1000</Maximum>
      <SortID>3429</SortID>
      <UnkC8>FaceGen</UnkC8>
    </Field>
    <Field Def="f32 faceGeoData30">
      <DisplayName>顔作成ジオメトリデータ30</DisplayName>
      <Description>顔作成ジオメトリデータ30</Description>
      <DisplayFormat>%.2f</DisplayFormat>
      <Minimum>-1000</Minimum>
      <Maximum>1000</Maximum>
      <SortID>3430</SortID>
      <UnkC8>FaceGen</UnkC8>
    </Field>
    <Field Def="f32 faceGeoData31">
      <DisplayName>顔作成ジオメトリデータ31</DisplayName>
      <Description>顔作成ジオメトリデータ31</Description>
      <DisplayFormat>%.2f</DisplayFormat>
      <Minimum>-1000</Minimum>
      <Maximum>1000</Maximum>
      <SortID>3431</SortID>
      <UnkC8>FaceGen</UnkC8>
    </Field>
    <Field Def="f32 faceGeoData32">
      <DisplayName>顔作成ジオメトリデータ32</DisplayName>
      <Description>顔作成ジオメトリデータ32</Description>
      <DisplayFormat>%.2f</DisplayFormat>
      <Minimum>-1000</Minimum>
      <Maximum>1000</Maximum>
      <SortID>3432</SortID>
      <UnkC8>FaceGen</UnkC8>
    </Field>
    <Field Def="f32 faceGeoData33">
      <DisplayName>顔作成ジオメトリデータ33</DisplayName>
      <Description>顔作成ジオメトリデータ33</Description>
      <DisplayFormat>%.2f</DisplayFormat>
      <Minimum>-1000</Minimum>
      <Maximum>1000</Maximum>
      <SortID>3433</SortID>
      <UnkC8>FaceGen</UnkC8>
    </Field>
    <Field Def="f32 faceGeoData34">
      <DisplayName>顔作成ジオメトリデータ34</DisplayName>
      <Description>顔作成ジオメトリデータ34</Description>
      <DisplayFormat>%.2f</DisplayFormat>
      <Minimum>-1000</Minimum>
      <Maximum>1000</Maximum>
      <SortID>3434</SortID>
      <UnkC8>FaceGen</UnkC8>
    </Field>
    <Field Def="f32 faceGeoData35">
      <DisplayName>顔作成ジオメトリデータ35</DisplayName>
      <Description>顔作成ジオメトリデータ35</Description>
      <DisplayFormat>%.2f</DisplayFormat>
      <Minimum>-1000</Minimum>
      <Maximum>1000</Maximum>
      <SortID>3435</SortID>
      <UnkC8>FaceGen</UnkC8>
    </Field>
    <Field Def="f32 faceGeoData36">
      <DisplayName>顔作成ジオメトリデータ36</DisplayName>
      <Description>顔作成ジオメトリデータ36</Description>
      <DisplayFormat>%.2f</DisplayFormat>
      <Minimum>-1000</Minimum>
      <Maximum>1000</Maximum>
      <SortID>3436</SortID>
      <UnkC8>FaceGen</UnkC8>
    </Field>
    <Field Def="f32 faceGeoData37">
      <DisplayName>顔作成ジオメトリデータ37</DisplayName>
      <Description>顔作成ジオメトリデータ37</Description>
      <DisplayFormat>%.2f</DisplayFormat>
      <Minimum>-1000</Minimum>
      <Maximum>1000</Maximum>
      <SortID>3437</SortID>
      <UnkC8>FaceGen</UnkC8>
    </Field>
    <Field Def="f32 faceGeoData38">
      <DisplayName>顔作成ジオメトリデータ38</DisplayName>
      <Description>顔作成ジオメトリデータ38</Description>
      <DisplayFormat>%.2f</DisplayFormat>
      <Minimum>-1000</Minimum>
      <Maximum>1000</Maximum>
      <SortID>3438</SortID>
      <UnkC8>FaceGen</UnkC8>
    </Field>
    <Field Def="f32 faceGeoData39">
      <DisplayName>顔作成ジオメトリデータ39</DisplayName>
      <Description>顔作成ジオメトリデータ39</Description>
      <DisplayFormat>%.2f</DisplayFormat>
      <Minimum>-1000</Minimum>
      <Maximum>1000</Maximum>
      <SortID>3439</SortID>
      <UnkC8>FaceGen</UnkC8>
    </Field>
    <Field Def="f32 faceGeoData40">
      <DisplayName>顔作成ジオメトリデータ40</DisplayName>
      <Description>顔作成ジオメトリデータ40</Description>
      <DisplayFormat>%.2f</DisplayFormat>
      <Minimum>-1000</Minimum>
      <Maximum>1000</Maximum>
      <SortID>3440</SortID>
      <UnkC8>FaceGen</UnkC8>
    </Field>
    <Field Def="f32 faceGeoData41">
      <DisplayName>顔作成ジオメトリデータ41</DisplayName>
      <Description>顔作成ジオメトリデータ41</Description>
      <DisplayFormat>%.2f</DisplayFormat>
      <Minimum>-1000</Minimum>
      <Maximum>1000</Maximum>
      <SortID>3441</SortID>
      <UnkC8>FaceGen</UnkC8>
    </Field>
    <Field Def="f32 faceGeoData42">
      <DisplayName>顔作成ジオメトリデータ42</DisplayName>
      <Description>顔作成ジオメトリデータ42</Description>
      <DisplayFormat>%.2f</DisplayFormat>
      <Minimum>-1000</Minimum>
      <Maximum>1000</Maximum>
      <SortID>3442</SortID>
      <UnkC8>FaceGen</UnkC8>
    </Field>
    <Field Def="f32 faceGeoData43">
      <DisplayName>顔作成ジオメトリデータ43</DisplayName>
      <Description>顔作成ジオメトリデータ43</Description>
      <DisplayFormat>%.2f</DisplayFormat>
      <Minimum>-1000</Minimum>
      <Maximum>1000</Maximum>
      <SortID>3443</SortID>
      <UnkC8>FaceGen</UnkC8>
    </Field>
    <Field Def="f32 faceGeoData44">
      <DisplayName>顔作成ジオメトリデータ44</DisplayName>
      <Description>顔作成ジオメトリデータ44</Description>
      <DisplayFormat>%.2f</DisplayFormat>
      <Minimum>-1000</Minimum>
      <Maximum>1000</Maximum>
      <SortID>3444</SortID>
      <UnkC8>FaceGen</UnkC8>
    </Field>
    <Field Def="f32 faceGeoData45">
      <DisplayName>顔作成ジオメトリデータ45</DisplayName>
      <Description>顔作成ジオメトリデータ45</Description>
      <DisplayFormat>%.2f</DisplayFormat>
      <Minimum>-1000</Minimum>
      <Maximum>1000</Maximum>
      <SortID>3445</SortID>
      <UnkC8>FaceGen</UnkC8>
    </Field>
    <Field Def="f32 faceGeoData46">
      <DisplayName>顔作成ジオメトリデータ46</DisplayName>
      <Description>顔作成ジオメトリデータ46</Description>
      <DisplayFormat>%.2f</DisplayFormat>
      <Minimum>-1000</Minimum>
      <Maximum>1000</Maximum>
      <SortID>3446</SortID>
      <UnkC8>FaceGen</UnkC8>
    </Field>
    <Field Def="f32 faceGeoData47">
      <DisplayName>顔作成ジオメトリデータ47</DisplayName>
      <Description>顔作成ジオメトリデータ47</Description>
      <DisplayFormat>%.2f</DisplayFormat>
      <Minimum>-1000</Minimum>
      <Maximum>1000</Maximum>
      <SortID>3447</SortID>
      <UnkC8>FaceGen</UnkC8>
    </Field>
    <Field Def="f32 faceGeoData48">
      <DisplayName>顔作成ジオメトリデータ48</DisplayName>
      <Description>顔作成ジオメトリデータ48</Description>
      <DisplayFormat>%.2f</DisplayFormat>
      <Minimum>-1000</Minimum>
      <Maximum>1000</Maximum>
      <SortID>3448</SortID>
      <UnkC8>FaceGen</UnkC8>
    </Field>
    <Field Def="f32 faceGeoData49">
      <DisplayName>顔作成ジオメトリデータ49</DisplayName>
      <Description>顔作成ジオメトリデータ49</Description>
      <DisplayFormat>%.2f</DisplayFormat>
      <Minimum>-1000</Minimum>
      <Maximum>1000</Maximum>
      <SortID>3449</SortID>
      <UnkC8>FaceGen</UnkC8>
    </Field>
    <Field Def="f32 faceGeoData50">
      <DisplayName>顔作成ジオメトリデータ50</DisplayName>
      <Description>顔作成ジオメトリデータ50</Description>
      <DisplayFormat>%.2f</DisplayFormat>
      <Minimum>-1000</Minimum>
      <Maximum>1000</Maximum>
      <SortID>3450</SortID>
      <UnkC8>FaceGen</UnkC8>
    </Field>
    <Field Def="f32 faceGeoData51">
      <DisplayName>顔作成ジオメトリデータ51</DisplayName>
      <Description>顔作成ジオメトリデータ51</Description>
      <DisplayFormat>%.2f</DisplayFormat>
      <Minimum>-1000</Minimum>
      <Maximum>1000</Maximum>
      <SortID>3451</SortID>
      <UnkC8>FaceGen</UnkC8>
    </Field>
    <Field Def="f32 faceGeoData52">
      <DisplayName>顔作成ジオメトリデータ52</DisplayName>
      <Description>顔作成ジオメトリデータ52</Description>
      <DisplayFormat>%.2f</DisplayFormat>
      <Minimum>-1000</Minimum>
      <Maximum>1000</Maximum>
      <SortID>3452</SortID>
      <UnkC8>FaceGen</UnkC8>
    </Field>
    <Field Def="f32 faceGeoData53">
      <DisplayName>顔作成ジオメトリデータ53</DisplayName>
      <Description>顔作成ジオメトリデータ53</Description>
      <DisplayFormat>%.2f</DisplayFormat>
      <Minimum>-1000</Minimum>
      <Maximum>1000</Maximum>
      <SortID>3453</SortID>
      <UnkC8>FaceGen</UnkC8>
    </Field>
    <Field Def="f32 faceGeoData54">
      <DisplayName>顔作成ジオメトリデータ54</DisplayName>
      <Description>顔作成ジオメトリデータ54</Description>
      <DisplayFormat>%.2f</DisplayFormat>
      <Minimum>-1000</Minimum>
      <Maximum>1000</Maximum>
      <SortID>3454</SortID>
      <UnkC8>FaceGen</UnkC8>
    </Field>
    <Field Def="f32 faceGeoData55">
      <DisplayName>顔作成ジオメトリデータ55</DisplayName>
      <Description>顔作成ジオメトリデータ55</Description>
      <DisplayFormat>%.2f</DisplayFormat>
      <Minimum>-1000</Minimum>
      <Maximum>1000</Maximum>
      <SortID>3455</SortID>
      <UnkC8>FaceGen</UnkC8>
    </Field>
    <Field Def="f32 faceGeoData56">
      <DisplayName>顔作成ジオメトリデータ56</DisplayName>
      <Description>顔作成ジオメトリデータ56</Description>
      <DisplayFormat>%.2f</DisplayFormat>
      <Minimum>-1000</Minimum>
      <Maximum>1000</Maximum>
      <SortID>3456</SortID>
      <UnkC8>FaceGen</UnkC8>
    </Field>
    <Field Def="f32 faceGeoData57">
      <DisplayName>顔作成ジオメトリデータ57</DisplayName>
      <Description>顔作成ジオメトリデータ57</Description>
      <DisplayFormat>%.2f</DisplayFormat>
      <Minimum>-1000</Minimum>
      <Maximum>1000</Maximum>
      <SortID>3457</SortID>
      <UnkC8>FaceGen</UnkC8>
    </Field>
    <Field Def="f32 faceGeoData58">
      <DisplayName>顔作成ジオメトリデータ58</DisplayName>
      <Description>顔作成ジオメトリデータ58</Description>
      <DisplayFormat>%.2f</DisplayFormat>
      <Minimum>-1000</Minimum>
      <Maximum>1000</Maximum>
      <SortID>3458</SortID>
      <UnkC8>FaceGen</UnkC8>
    </Field>
    <Field Def="f32 faceGeoData59">
      <DisplayName>顔作成ジオメトリデータ59</DisplayName>
      <Description>顔作成ジオメトリデータ59</Description>
      <DisplayFormat>%.2f</DisplayFormat>
      <Minimum>-1000</Minimum>
      <Maximum>1000</Maximum>
      <SortID>3459</SortID>
      <UnkC8>FaceGen</UnkC8>
    </Field>
    <Field Def="f32 faceGeoData60">
      <DisplayName>顔作成ジオメトリデータ60</DisplayName>
      <Description>顔作成ジオメトリデータ60</Description>
      <DisplayFormat>%.2f</DisplayFormat>
      <Minimum>-1000</Minimum>
      <Maximum>1000</Maximum>
      <SortID>3460</SortID>
      <UnkC8>FaceGen</UnkC8>
    </Field>
    <Field Def="f32 faceTexData00">
      <DisplayName>顔作成テクスチャデータ00</DisplayName>
      <Description>顔作成テクスチャデータ00</Description>
      <DisplayFormat>%.2f</DisplayFormat>
      <Minimum>-1000</Minimum>
      <Maximum>1000</Maximum>
      <SortID>3500</SortID>
      <UnkC8>FaceGen</UnkC8>
    </Field>
    <Field Def="f32 faceTexData01">
      <DisplayName>顔作成テクスチャデータ01</DisplayName>
      <Description>顔作成テクスチャデータ01</Description>
      <DisplayFormat>%.2f</DisplayFormat>
      <Minimum>-1000</Minimum>
      <Maximum>1000</Maximum>
      <SortID>3501</SortID>
      <UnkC8>FaceGen</UnkC8>
    </Field>
    <Field Def="f32 faceTexData02">
      <DisplayName>顔作成テクスチャデータ02</DisplayName>
      <Description>顔作成テクスチャデータ02</Description>
      <DisplayFormat>%.2f</DisplayFormat>
      <Minimum>-1000</Minimum>
      <Maximum>1000</Maximum>
      <SortID>3502</SortID>
      <UnkC8>FaceGen</UnkC8>
    </Field>
    <Field Def="f32 faceTexData03">
      <DisplayName>顔作成テクスチャデータ03</DisplayName>
      <Description>顔作成テクスチャデータ03</Description>
      <DisplayFormat>%.2f</DisplayFormat>
      <Minimum>-1000</Minimum>
      <Maximum>1000</Maximum>
      <SortID>3503</SortID>
      <UnkC8>FaceGen</UnkC8>
    </Field>
    <Field Def="f32 faceTexData04">
      <DisplayName>顔作成テクスチャデータ04</DisplayName>
      <Description>顔作成テクスチャデータ04</Description>
      <DisplayFormat>%.2f</DisplayFormat>
      <Minimum>-1000</Minimum>
      <Maximum>1000</Maximum>
      <SortID>3504</SortID>
      <UnkC8>FaceGen</UnkC8>
    </Field>
    <Field Def="f32 faceTexData05">
      <DisplayName>顔作成テクスチャデータ05</DisplayName>
      <Description>顔作成テクスチャデータ05</Description>
      <DisplayFormat>%.2f</DisplayFormat>
      <Minimum>-1000</Minimum>
      <Maximum>1000</Maximum>
      <SortID>3505</SortID>
      <UnkC8>FaceGen</UnkC8>
    </Field>
    <Field Def="f32 faceTexData06">
      <DisplayName>顔作成テクスチャデータ06</DisplayName>
      <Description>顔作成テクスチャデータ06</Description>
      <DisplayFormat>%.2f</DisplayFormat>
      <Minimum>-1000</Minimum>
      <Maximum>1000</Maximum>
      <SortID>3506</SortID>
      <UnkC8>FaceGen</UnkC8>
    </Field>
    <Field Def="f32 faceTexData07">
      <DisplayName>顔作成テクスチャデータ07</DisplayName>
      <Description>顔作成テクスチャデータ07</Description>
      <DisplayFormat>%.2f</DisplayFormat>
      <Minimum>-1000</Minimum>
      <Maximum>1000</Maximum>
      <SortID>3507</SortID>
      <UnkC8>FaceGen</UnkC8>
    </Field>
    <Field Def="f32 faceTexData08">
      <DisplayName>顔作成テクスチャデータ08</DisplayName>
      <Description>顔作成テクスチャデータ08</Description>
      <DisplayFormat>%.2f</DisplayFormat>
      <Minimum>-1000</Minimum>
      <Maximum>1000</Maximum>
      <SortID>3508</SortID>
      <UnkC8>FaceGen</UnkC8>
    </Field>
    <Field Def="f32 faceTexData09">
      <DisplayName>顔作成テクスチャデータ09</DisplayName>
      <Description>顔作成テクスチャデータ09</Description>
      <DisplayFormat>%.2f</DisplayFormat>
      <Minimum>-1000</Minimum>
      <Maximum>1000</Maximum>
      <SortID>3509</SortID>
      <UnkC8>FaceGen</UnkC8>
    </Field>
    <Field Def="f32 faceTexData10">
      <DisplayName>顔作成テクスチャデータ10</DisplayName>
      <Description>顔作成テクスチャデータ10</Description>
      <DisplayFormat>%.2f</DisplayFormat>
      <Minimum>-1000</Minimum>
      <Maximum>1000</Maximum>
      <SortID>3510</SortID>
      <UnkC8>FaceGen</UnkC8>
    </Field>
    <Field Def="f32 faceTexData11">
      <DisplayName>顔作成テクスチャデータ11</DisplayName>
      <Description>顔作成テクスチャデータ11</Description>
      <DisplayFormat>%.2f</DisplayFormat>
      <Minimum>-1000</Minimum>
      <Maximum>1000</Maximum>
      <SortID>3511</SortID>
      <UnkC8>FaceGen</UnkC8>
    </Field>
    <Field Def="f32 faceTexData12">
      <DisplayName>顔作成テクスチャデータ12</DisplayName>
      <Description>顔作成テクスチャデータ12</Description>
      <DisplayFormat>%.2f</DisplayFormat>
      <Minimum>-1000</Minimum>
      <Maximum>1000</Maximum>
      <SortID>3512</SortID>
      <UnkC8>FaceGen</UnkC8>
    </Field>
    <Field Def="f32 faceTexData13">
      <DisplayName>顔作成テクスチャデータ13</DisplayName>
      <Description>顔作成テクスチャデータ13</Description>
      <DisplayFormat>%.2f</DisplayFormat>
      <Minimum>-1000</Minimum>
      <Maximum>1000</Maximum>
      <SortID>3513</SortID>
      <UnkC8>FaceGen</UnkC8>
    </Field>
    <Field Def="f32 faceTexData14">
      <DisplayName>顔作成テクスチャデータ14</DisplayName>
      <Description>顔作成テクスチャデータ14</Description>
      <DisplayFormat>%.2f</DisplayFormat>
      <Minimum>-1000</Minimum>
      <Maximum>1000</Maximum>
      <SortID>3514</SortID>
      <UnkC8>FaceGen</UnkC8>
    </Field>
    <Field Def="f32 faceTexData15">
      <DisplayName>顔作成テクスチャデータ15</DisplayName>
      <Description>顔作成テクスチャデータ15</Description>
      <DisplayFormat>%.2f</DisplayFormat>
      <Minimum>-1000</Minimum>
      <Maximum>1000</Maximum>
      <SortID>3515</SortID>
      <UnkC8>FaceGen</UnkC8>
    </Field>
    <Field Def="f32 faceTexData16">
      <DisplayName>顔作成テクスチャデータ16</DisplayName>
      <Description>顔作成テクスチャデータ16</Description>
      <DisplayFormat>%.2f</DisplayFormat>
      <Minimum>-1000</Minimum>
      <Maximum>1000</Maximum>
      <SortID>3516</SortID>
      <UnkC8>FaceGen</UnkC8>
    </Field>
    <Field Def="f32 faceTexData17">
      <DisplayName>顔作成テクスチャデータ17</DisplayName>
      <Description>顔作成テクスチャデータ17</Description>
      <DisplayFormat>%.2f</DisplayFormat>
      <Minimum>-1000</Minimum>
      <Maximum>1000</Maximum>
      <SortID>3517</SortID>
      <UnkC8>FaceGen</UnkC8>
    </Field>
    <Field Def="f32 faceTexData18">
      <DisplayName>顔作成テクスチャデータ18</DisplayName>
      <Description>顔作成テクスチャデータ18</Description>
      <DisplayFormat>%.2f</DisplayFormat>
      <Minimum>-1000</Minimum>
      <Maximum>1000</Maximum>
      <SortID>3518</SortID>
      <UnkC8>FaceGen</UnkC8>
    </Field>
    <Field Def="f32 faceTexData19">
      <DisplayName>顔作成テクスチャデータ19</DisplayName>
      <Description>顔作成テクスチャデータ19</Description>
      <DisplayFormat>%.2f</DisplayFormat>
      <Minimum>-1000</Minimum>
      <Maximum>1000</Maximum>
      <SortID>3519</SortID>
      <UnkC8>FaceGen</UnkC8>
    </Field>
    <Field Def="f32 faceTexData20">
      <DisplayName>顔作成テクスチャデータ20</DisplayName>
      <Description>顔作成テクスチャデータ20</Description>
      <DisplayFormat>%.2f</DisplayFormat>
      <Minimum>-1000</Minimum>
      <Maximum>1000</Maximum>
      <SortID>3520</SortID>
      <UnkC8>FaceGen</UnkC8>
    </Field>
    <Field Def="f32 faceTexData21">
      <DisplayName>顔作成テクスチャデータ21</DisplayName>
      <Description>顔作成テクスチャデータ21</Description>
      <DisplayFormat>%.2f</DisplayFormat>
      <Minimum>-1000</Minimum>
      <Maximum>1000</Maximum>
      <SortID>3521</SortID>
      <UnkC8>FaceGen</UnkC8>
    </Field>
    <Field Def="f32 faceTexData22">
      <DisplayName>顔作成テクスチャデータ22</DisplayName>
      <Description>顔作成テクスチャデータ22</Description>
      <DisplayFormat>%.2f</DisplayFormat>
      <Minimum>-1000</Minimum>
      <Maximum>1000</Maximum>
      <SortID>3522</SortID>
      <UnkC8>FaceGen</UnkC8>
    </Field>
    <Field Def="f32 faceTexData23">
      <DisplayName>顔作成テクスチャデータ23</DisplayName>
      <Description>顔作成テクスチャデータ23</Description>
      <DisplayFormat>%.2f</DisplayFormat>
      <Minimum>-1000</Minimum>
      <Maximum>1000</Maximum>
      <SortID>3523</SortID>
      <UnkC8>FaceGen</UnkC8>
    </Field>
    <Field Def="f32 faceTexData24">
      <DisplayName>顔作成テクスチャデータ24</DisplayName>
      <Description>顔作成テクスチャデータ24</Description>
      <DisplayFormat>%.2f</DisplayFormat>
      <Minimum>-1000</Minimum>
      <Maximum>1000</Maximum>
      <SortID>3524</SortID>
      <UnkC8>FaceGen</UnkC8>
    </Field>
    <Field Def="f32 faceTexData25">
      <DisplayName>顔作成テクスチャデータ25</DisplayName>
      <Description>顔作成テクスチャデータ25</Description>
      <DisplayFormat>%.2f</DisplayFormat>
      <Minimum>-1000</Minimum>
      <Maximum>1000</Maximum>
      <SortID>3525</SortID>
      <UnkC8>FaceGen</UnkC8>
    </Field>
    <Field Def="f32 faceTexData26">
      <DisplayName>顔作成テクスチャデータ26</DisplayName>
      <Description>顔作成テクスチャデータ26</Description>
      <DisplayFormat>%.2f</DisplayFormat>
      <Minimum>-1000</Minimum>
      <Maximum>1000</Maximum>
      <SortID>3526</SortID>
      <UnkC8>FaceGen</UnkC8>
    </Field>
    <Field Def="f32 faceTexData27">
      <DisplayName>顔作成テクスチャデータ27</DisplayName>
      <Description>顔作成テクスチャデータ27</Description>
      <DisplayFormat>%.2f</DisplayFormat>
      <Minimum>-1000</Minimum>
      <Maximum>1000</Maximum>
      <SortID>3527</SortID>
      <UnkC8>FaceGen</UnkC8>
    </Field>
    <Field Def="f32 faceTexData28">
      <DisplayName>顔作成テクスチャデータ28</DisplayName>
      <Description>顔作成テクスチャデータ28</Description>
      <DisplayFormat>%.2f</DisplayFormat>
      <Minimum>-1000</Minimum>
      <Maximum>1000</Maximum>
      <SortID>3528</SortID>
      <UnkC8>FaceGen</UnkC8>
    </Field>
    <Field Def="f32 faceTexData29">
      <DisplayName>顔作成テクスチャデータ29</DisplayName>
      <Description>顔作成テクスチャデータ29</Description>
      <DisplayFormat>%.2f</DisplayFormat>
      <Minimum>-1000</Minimum>
      <Maximum>1000</Maximum>
      <SortID>3529</SortID>
      <UnkC8>FaceGen</UnkC8>
    </Field>
    <Field Def="f32 faceTexData30">
      <DisplayName>顔作成テクスチャデータ30</DisplayName>
      <Description>顔作成テクスチャデータ30</Description>
      <DisplayFormat>%.2f</DisplayFormat>
      <Minimum>-1000</Minimum>
      <Maximum>1000</Maximum>
      <SortID>3530</SortID>
      <UnkC8>FaceGen</UnkC8>
    </Field>
    <Field Def="f32 faceTexData31">
      <DisplayName>顔作成テクスチャデータ31</DisplayName>
      <Description>顔作成テクスチャデータ31</Description>
      <DisplayFormat>%.2f</DisplayFormat>
      <Minimum>-1000</Minimum>
      <Maximum>1000</Maximum>
      <SortID>3531</SortID>
      <UnkC8>FaceGen</UnkC8>
    </Field>
    <Field Def="f32 faceTexData32">
      <DisplayName>顔作成テクスチャデータ32</DisplayName>
      <Description>顔作成テクスチャデータ32</Description>
      <DisplayFormat>%.2f</DisplayFormat>
      <Minimum>-1000</Minimum>
      <Maximum>1000</Maximum>
      <SortID>3532</SortID>
      <UnkC8>FaceGen</UnkC8>
    </Field>
    <Field Def="f32 faceTexData33">
      <DisplayName>顔作成テクスチャデータ33</DisplayName>
      <Description>顔作成テクスチャデータ33</Description>
      <DisplayFormat>%.2f</DisplayFormat>
      <Minimum>-1000</Minimum>
      <Maximum>1000</Maximum>
      <SortID>3533</SortID>
      <UnkC8>FaceGen</UnkC8>
    </Field>
    <Field Def="f32 faceTexData34">
      <DisplayName>顔作成テクスチャデータ34</DisplayName>
      <Description>顔作成テクスチャデータ34</Description>
      <DisplayFormat>%.2f</DisplayFormat>
      <Minimum>-1000</Minimum>
      <Maximum>1000</Maximum>
      <SortID>3534</SortID>
      <UnkC8>FaceGen</UnkC8>
    </Field>
    <Field Def="f32 faceTexData35">
      <DisplayName>顔作成テクスチャデータ35</DisplayName>
      <Description>顔作成テクスチャデータ35</Description>
      <DisplayFormat>%.2f</DisplayFormat>
      <Minimum>-1000</Minimum>
      <Maximum>1000</Maximum>
      <SortID>3535</SortID>
      <UnkC8>FaceGen</UnkC8>
    </Field>
    <Field Def="f32 burn_scar">
      <DisplayName>火傷跡</DisplayName>
      <Description>火傷跡</Description>
      <DisplayFormat>%.2f</DisplayFormat>
      <Minimum>0</Minimum>
      <Maximum>1</Maximum>
      <SortID>2200</SortID>
      <UnkC8>イベント用</UnkC8>
    </Field>
  </Fields>
</PARAMDEF>