﻿<?xml version="1.0" encoding="utf-8"?>
<PARAMDEF XmlVersion="2">
  <ParamType>FINAL_DAMAGE_RATE_PARAM_ST</ParamType>
  <DataVersion>0</DataVersion>
  <BigEndian>False</BigEndian>
  <Unicode>True</Unicode>
  <FormatVersion>203</FormatVersion>
  <Fields>
    <Field Def="f32 physRate">
      <DisplayName>Physical Rate</DisplayName>
      <Description>Unk</Description>
    </Field>
    <Field Def="f32 magRate">
      <DisplayName>Magic Rate</DisplayName>
      <Description>Unk</Description>
    </Field>
    <Field Def="f32 fireRate">
      <DisplayName>Fire Rate</DisplayName>
      <Description>Unk</Description>
    </Field>
    <Field Def="f32 thunRate">
      <DisplayName>Lightning Rate</DisplayName>
      <Description>Unk</Description>
    </Field>
    <Field Def="f32 darkRate">
      <DisplayName>Dark Rate</DisplayName>
      <Description>Unk</Description>
    </Field>
    <Field Def="f32 staminaRate">
      <DisplayName>Stamina Rate</DisplayName>
      <Description>Unk</Description>
    </Field>
    <Field Def="f32 saRate">
      <DisplayName>Super Armor Rate</DisplayName>
      <Description>Unk</Description>
    </Field>
  </Fields>
</PARAMDEF>