﻿<?xml version="1.0" encoding="utf-8"?>
<PARAMDEF XmlVersion="2">
  <ParamType>FOOT_SFX_PARAM_ST</ParamType>
  <DataVersion>2</DataVersion>
  <BigEndian>False</BigEndian>
  <Unicode>True</Unicode>
  <FormatVersion>203</FormatVersion>
  <Fields>
    <Field Def="u32 sfxId_00">
      <DisplayName>SFX識別子：00</DisplayName>
      <Description>NPCパラメータの「フットエフェクト識別子」項目に入力された数値、特殊効果パラメータの「追加フットエフェクト識別子」項目に入力された数値、TAEアクション「フットエフェクト」に設定する、SFX識別子</Description>
      <Maximum>999999999</Maximum>
      <SortID>1</SortID>
    </Field>
    <Field Def="u32 sfxId_01">
      <DisplayName>SFX識別子：01</DisplayName>
      <Description>NPCパラメータの「フットエフェクト識別子」項目に入力された数値、特殊効果パラメータの「追加フットエフェクト識別子」項目に入力された数値、TAEアクション「フットエフェクト」に設定する、SFX識別子</Description>
      <Maximum>999999999</Maximum>
      <SortID>2</SortID>
    </Field>
    <Field Def="u32 sfxId_02">
      <DisplayName>SFX識別子：02</DisplayName>
      <Description>NPCパラメータの「フットエフェクト識別子」項目に入力された数値、特殊効果パラメータの「追加フットエフェクト識別子」項目に入力された数値、TAEアクション「フットエフェクト」に設定する、SFX識別子</Description>
      <Maximum>999999999</Maximum>
      <SortID>3</SortID>
    </Field>
    <Field Def="u32 sfxId_03">
      <DisplayName>SFX識別子：03</DisplayName>
      <Description>NPCパラメータの「フットエフェクト識別子」項目に入力された数値、特殊効果パラメータの「追加フットエフェクト識別子」項目に入力された数値、TAEアクション「フットエフェクト」に設定する、SFX識別子</Description>
      <Maximum>999999999</Maximum>
      <SortID>4</SortID>
    </Field>
    <Field Def="u32 sfxId_04">
      <DisplayName>SFX識別子：04</DisplayName>
      <Description>NPCパラメータの「フットエフェクト識別子」項目に入力された数値、特殊効果パラメータの「追加フットエフェクト識別子」項目に入力された数値、TAEアクション「フットエフェクト」に設定する、SFX識別子</Description>
      <Maximum>999999999</Maximum>
      <SortID>5</SortID>
    </Field>
    <Field Def="u32 sfxId_05">
      <DisplayName>SFX識別子：05</DisplayName>
      <Description>NPCパラメータの「フットエフェクト識別子」項目に入力された数値、特殊効果パラメータの「追加フットエフェクト識別子」項目に入力された数値、TAEアクション「フットエフェクト」に設定する、SFX識別子</Description>
      <Maximum>999999999</Maximum>
      <SortID>6</SortID>
    </Field>
    <Field Def="u32 sfxId_06">
      <DisplayName>SFX識別子：06</DisplayName>
      <Description>NPCパラメータの「フットエフェクト識別子」項目に入力された数値、特殊効果パラメータの「追加フットエフェクト識別子」項目に入力された数値、TAEアクション「フットエフェクト」に設定する、SFX識別子</Description>
      <Maximum>999999999</Maximum>
      <SortID>7</SortID>
    </Field>
    <Field Def="u32 sfxId_07">
      <DisplayName>SFX識別子：07</DisplayName>
      <Description>NPCパラメータの「フットエフェクト識別子」項目に入力された数値、特殊効果パラメータの「追加フットエフェクト識別子」項目に入力された数値、TAEアクション「フットエフェクト」に設定する、SFX識別子</Description>
      <Maximum>999999999</Maximum>
      <SortID>8</SortID>
    </Field>
    <Field Def="u32 sfxId_08">
      <DisplayName>SFX識別子：08</DisplayName>
      <Description>NPCパラメータの「フットエフェクト識別子」項目に入力された数値、特殊効果パラメータの「追加フットエフェクト識別子」項目に入力された数値、TAEアクション「フットエフェクト」に設定する、SFX識別子</Description>
      <Maximum>999999999</Maximum>
      <SortID>9</SortID>
    </Field>
    <Field Def="u32 sfxId_09">
      <DisplayName>SFX識別子：09</DisplayName>
      <Description>NPCパラメータの「フットエフェクト識別子」項目に入力された数値、特殊効果パラメータの「追加フットエフェクト識別子」項目に入力された数値、TAEアクション「フットエフェクト」に設定する、SFX識別子</Description>
      <Maximum>999999999</Maximum>
      <SortID>10</SortID>
    </Field>
    <Field Def="u32 sfxId_10">
      <DisplayName>SFX識別子：10</DisplayName>
      <Description>NPCパラメータの「フットエフェクト識別子」項目に入力された数値、特殊効果パラメータの「追加フットエフェクト識別子」項目に入力された数値、TAEアクション「フットエフェクト」に設定する、SFX識別子</Description>
      <Maximum>999999999</Maximum>
      <SortID>11</SortID>
    </Field>
    <Field Def="u32 sfxId_11">
      <DisplayName>SFX識別子：11</DisplayName>
      <Description>NPCパラメータの「フットエフェクト識別子」項目に入力された数値、特殊効果パラメータの「追加フットエフェクト識別子」項目に入力された数値、TAEアクション「フットエフェクト」に設定する、SFX識別子</Description>
      <Maximum>999999999</Maximum>
      <SortID>12</SortID>
    </Field>
    <Field Def="u32 sfxId_12">
      <DisplayName>SFX識別子：12</DisplayName>
      <Description>NPCパラメータの「フットエフェクト識別子」項目に入力された数値、特殊効果パラメータの「追加フットエフェクト識別子」項目に入力された数値、TAEアクション「フットエフェクト」に設定する、SFX識別子</Description>
      <Maximum>999999999</Maximum>
      <SortID>13</SortID>
    </Field>
    <Field Def="u32 sfxId_13">
      <DisplayName>SFX識別子：13</DisplayName>
      <Description>NPCパラメータの「フットエフェクト識別子」項目に入力された数値、特殊効果パラメータの「追加フットエフェクト識別子」項目に入力された数値、TAEアクション「フットエフェクト」に設定する、SFX識別子</Description>
      <Maximum>999999999</Maximum>
      <SortID>14</SortID>
    </Field>
    <Field Def="u32 sfxId_14">
      <DisplayName>SFX識別子：14</DisplayName>
      <Description>NPCパラメータの「フットエフェクト識別子」項目に入力された数値、特殊効果パラメータの「追加フットエフェクト識別子」項目に入力された数値、TAEアクション「フットエフェクト」に設定する、SFX識別子</Description>
      <Maximum>999999999</Maximum>
      <SortID>15</SortID>
    </Field>
    <Field Def="u32 sfxId_15">
      <DisplayName>SFX識別子：15</DisplayName>
      <Description>NPCパラメータの「フットエフェクト識別子」項目に入力された数値、特殊効果パラメータの「追加フットエフェクト識別子」項目に入力された数値、TAEアクション「フットエフェクト」に設定する、SFX識別子</Description>
      <Maximum>999999999</Maximum>
      <SortID>16</SortID>
    </Field>
    <Field Def="u32 sfxId_16">
      <DisplayName>SFX識別子：16</DisplayName>
      <Description>NPCパラメータの「フットエフェクト識別子」項目に入力された数値、特殊効果パラメータの「追加フットエフェクト識別子」項目に入力された数値、TAEアクション「フットエフェクト」に設定する、SFX識別子</Description>
      <Maximum>999999999</Maximum>
      <SortID>17</SortID>
    </Field>
    <Field Def="u32 sfxId_17">
      <DisplayName>SFX識別子：17</DisplayName>
      <Description>NPCパラメータの「フットエフェクト識別子」項目に入力された数値、特殊効果パラメータの「追加フットエフェクト識別子」項目に入力された数値、TAEアクション「フットエフェクト」に設定する、SFX識別子</Description>
      <Maximum>999999999</Maximum>
      <SortID>18</SortID>
    </Field>
    <Field Def="u32 sfxId_18">
      <DisplayName>SFX識別子：18</DisplayName>
      <Description>NPCパラメータの「フットエフェクト識別子」項目に入力された数値、特殊効果パラメータの「追加フットエフェクト識別子」項目に入力された数値、TAEアクション「フットエフェクト」に設定する、SFX識別子</Description>
      <Maximum>999999999</Maximum>
      <SortID>19</SortID>
    </Field>
    <Field Def="u32 sfxId_19">
      <DisplayName>SFX識別子：19</DisplayName>
      <Description>NPCパラメータの「フットエフェクト識別子」項目に入力された数値、特殊効果パラメータの「追加フットエフェクト識別子」項目に入力された数値、TAEアクション「フットエフェクト」に設定する、SFX識別子</Description>
      <Maximum>999999999</Maximum>
      <SortID>20</SortID>
    </Field>
    <Field Def="u32 sfxId_20">
      <DisplayName>SFX識別子：20</DisplayName>
      <Description>NPCパラメータの「フットエフェクト識別子」項目に入力された数値、特殊効果パラメータの「追加フットエフェクト識別子」項目に入力された数値、TAEアクション「フットエフェクト」に設定する、SFX識別子</Description>
      <Maximum>999999999</Maximum>
      <SortID>21</SortID>
    </Field>
    <Field Def="u32 sfxId_21">
      <DisplayName>SFX識別子：21</DisplayName>
      <Description>NPCパラメータの「フットエフェクト識別子」項目に入力された数値、特殊効果パラメータの「追加フットエフェクト識別子」項目に入力された数値、TAEアクション「フットエフェクト」に設定する、SFX識別子</Description>
      <Maximum>999999999</Maximum>
      <SortID>22</SortID>
    </Field>
    <Field Def="u32 sfxId_22">
      <DisplayName>SFX識別子：22</DisplayName>
      <Description>NPCパラメータの「フットエフェクト識別子」項目に入力された数値、特殊効果パラメータの「追加フットエフェクト識別子」項目に入力された数値、TAEアクション「フットエフェクト」に設定する、SFX識別子</Description>
      <Maximum>999999999</Maximum>
      <SortID>23</SortID>
    </Field>
    <Field Def="u32 sfxId_23">
      <DisplayName>SFX識別子：23</DisplayName>
      <Description>NPCパラメータの「フットエフェクト識別子」項目に入力された数値、特殊効果パラメータの「追加フットエフェクト識別子」項目に入力された数値、TAEアクション「フットエフェクト」に設定する、SFX識別子</Description>
      <Maximum>999999999</Maximum>
      <SortID>24</SortID>
    </Field>
    <Field Def="u32 sfxId_24">
      <DisplayName>SFX識別子：24</DisplayName>
      <Description>NPCパラメータの「フットエフェクト識別子」項目に入力された数値、特殊効果パラメータの「追加フットエフェクト識別子」項目に入力された数値、TAEアクション「フットエフェクト」に設定する、SFX識別子</Description>
      <Maximum>999999999</Maximum>
      <SortID>25</SortID>
    </Field>
    <Field Def="u32 sfxId_25">
      <DisplayName>SFX識別子：25</DisplayName>
      <Description>NPCパラメータの「フットエフェクト識別子」項目に入力された数値、特殊効果パラメータの「追加フットエフェクト識別子」項目に入力された数値、TAEアクション「フットエフェクト」に設定する、SFX識別子</Description>
      <Maximum>999999999</Maximum>
      <SortID>26</SortID>
    </Field>
    <Field Def="u32 sfxId_26">
      <DisplayName>SFX識別子：26</DisplayName>
      <Description>NPCパラメータの「フットエフェクト識別子」項目に入力された数値、特殊効果パラメータの「追加フットエフェクト識別子」項目に入力された数値、TAEアクション「フットエフェクト」に設定する、SFX識別子</Description>
      <Maximum>999999999</Maximum>
      <SortID>27</SortID>
    </Field>
    <Field Def="u32 sfxId_27">
      <DisplayName>SFX識別子：27</DisplayName>
      <Description>NPCパラメータの「フットエフェクト識別子」項目に入力された数値、特殊効果パラメータの「追加フットエフェクト識別子」項目に入力された数値、TAEアクション「フットエフェクト」に設定する、SFX識別子</Description>
      <Maximum>999999999</Maximum>
      <SortID>28</SortID>
    </Field>
    <Field Def="u32 sfxId_28">
      <DisplayName>SFX識別子：28</DisplayName>
      <Description>NPCパラメータの「フットエフェクト識別子」項目に入力された数値、特殊効果パラメータの「追加フットエフェクト識別子」項目に入力された数値、TAEアクション「フットエフェクト」に設定する、SFX識別子</Description>
      <Maximum>999999999</Maximum>
      <SortID>29</SortID>
    </Field>
    <Field Def="u32 sfxId_29">
      <DisplayName>SFX識別子：29</DisplayName>
      <Description>NPCパラメータの「フットエフェクト識別子」項目に入力された数値、特殊効果パラメータの「追加フットエフェクト識別子」項目に入力された数値、TAEアクション「フットエフェクト」に設定する、SFX識別子</Description>
      <Maximum>999999999</Maximum>
      <SortID>30</SortID>
    </Field>
    <Field Def="u32 sfxId_30">
      <DisplayName>SFX識別子：30</DisplayName>
      <Description>NPCパラメータの「フットエフェクト識別子」項目に入力された数値、特殊効果パラメータの「追加フットエフェクト識別子」項目に入力された数値、TAEアクション「フットエフェクト」に設定する、SFX識別子</Description>
      <Maximum>999999999</Maximum>
      <SortID>31</SortID>
    </Field>
    <Field Def="u32 sfxId_31">
      <DisplayName>SFX識別子：31</DisplayName>
      <Description>NPCパラメータの「フットエフェクト識別子」項目に入力された数値、特殊効果パラメータの「追加フットエフェクト識別子」項目に入力された数値、TAEアクション「フットエフェクト」に設定する、SFX識別子</Description>
      <Maximum>999999999</Maximum>
      <SortID>32</SortID>
    </Field>
    <Field Def="u32 sfxId_32">
      <DisplayName>SFX識別子：32</DisplayName>
      <Description>NPCパラメータの「フットエフェクト識別子」項目に入力された数値、特殊効果パラメータの「追加フットエフェクト識別子」項目に入力された数値、TAEアクション「フットエフェクト」に設定する、SFX識別子</Description>
      <Maximum>999999999</Maximum>
      <SortID>33</SortID>
    </Field>
    <Field Def="u32 sfxId_33">
      <DisplayName>SFX識別子：33</DisplayName>
      <Description>NPCパラメータの「フットエフェクト識別子」項目に入力された数値、特殊効果パラメータの「追加フットエフェクト識別子」項目に入力された数値、TAEアクション「フットエフェクト」に設定する、SFX識別子</Description>
      <Maximum>999999999</Maximum>
      <SortID>34</SortID>
    </Field>
    <Field Def="u32 sfxId_34">
      <DisplayName>SFX識別子：34</DisplayName>
      <Description>NPCパラメータの「フットエフェクト識別子」項目に入力された数値、特殊効果パラメータの「追加フットエフェクト識別子」項目に入力された数値、TAEアクション「フットエフェクト」に設定する、SFX識別子</Description>
      <Maximum>999999999</Maximum>
      <SortID>35</SortID>
    </Field>
    <Field Def="u32 sfxId_35">
      <DisplayName>SFX識別子：35</DisplayName>
      <Description>NPCパラメータの「フットエフェクト識別子」項目に入力された数値、特殊効果パラメータの「追加フットエフェクト識別子」項目に入力された数値、TAEアクション「フットエフェクト」に設定する、SFX識別子</Description>
      <Maximum>999999999</Maximum>
      <SortID>36</SortID>
    </Field>
    <Field Def="u32 sfxId_36">
      <DisplayName>SFX識別子：36</DisplayName>
      <Description>NPCパラメータの「フットエフェクト識別子」項目に入力された数値、特殊効果パラメータの「追加フットエフェクト識別子」項目に入力された数値、TAEアクション「フットエフェクト」に設定する、SFX識別子</Description>
      <Maximum>999999999</Maximum>
      <SortID>37</SortID>
    </Field>
    <Field Def="u32 sfxId_37">
      <DisplayName>SFX識別子：37</DisplayName>
      <Description>NPCパラメータの「フットエフェクト識別子」項目に入力された数値、特殊効果パラメータの「追加フットエフェクト識別子」項目に入力された数値、TAEアクション「フットエフェクト」に設定する、SFX識別子</Description>
      <Maximum>999999999</Maximum>
      <SortID>38</SortID>
    </Field>
    <Field Def="u32 sfxId_38">
      <DisplayName>SFX識別子：38</DisplayName>
      <Description>NPCパラメータの「フットエフェクト識別子」項目に入力された数値、特殊効果パラメータの「追加フットエフェクト識別子」項目に入力された数値、TAEアクション「フットエフェクト」に設定する、SFX識別子</Description>
      <Maximum>999999999</Maximum>
      <SortID>39</SortID>
    </Field>
    <Field Def="u32 sfxId_39">
      <DisplayName>SFX識別子：39</DisplayName>
      <Description>NPCパラメータの「フットエフェクト識別子」項目に入力された数値、特殊効果パラメータの「追加フットエフェクト識別子」項目に入力された数値、TAEアクション「フットエフェクト」に設定する、SFX識別子</Description>
      <Maximum>999999999</Maximum>
      <SortID>40</SortID>
    </Field>
    <Field Def="u32 sfxId_40">
      <DisplayName>SFX識別子：40</DisplayName>
      <Description>NPCパラメータの「フットエフェクト識別子」項目に入力された数値、特殊効果パラメータの「追加フットエフェクト識別子」項目に入力された数値、TAEアクション「フットエフェクト」に設定する、SFX識別子</Description>
      <Maximum>999999999</Maximum>
      <SortID>41</SortID>
    </Field>
    <Field Def="u32 sfxId_41">
      <DisplayName>SFX識別子：41</DisplayName>
      <Description>NPCパラメータの「フットエフェクト識別子」項目に入力された数値、特殊効果パラメータの「追加フットエフェクト識別子」項目に入力された数値、TAEアクション「フットエフェクト」に設定する、SFX識別子</Description>
      <Maximum>999999999</Maximum>
      <SortID>42</SortID>
    </Field>
    <Field Def="u32 sfxId_42">
      <DisplayName>SFX識別子：42</DisplayName>
      <Description>NPCパラメータの「フットエフェクト識別子」項目に入力された数値、特殊効果パラメータの「追加フットエフェクト識別子」項目に入力された数値、TAEアクション「フットエフェクト」に設定する、SFX識別子</Description>
      <Maximum>999999999</Maximum>
      <SortID>43</SortID>
    </Field>
    <Field Def="u32 sfxId_43">
      <DisplayName>SFX識別子：43</DisplayName>
      <Description>NPCパラメータの「フットエフェクト識別子」項目に入力された数値、特殊効果パラメータの「追加フットエフェクト識別子」項目に入力された数値、TAEアクション「フットエフェクト」に設定する、SFX識別子</Description>
      <Maximum>999999999</Maximum>
      <SortID>44</SortID>
    </Field>
    <Field Def="u32 sfxId_44">
      <DisplayName>SFX識別子：44</DisplayName>
      <Description>NPCパラメータの「フットエフェクト識別子」項目に入力された数値、特殊効果パラメータの「追加フットエフェクト識別子」項目に入力された数値、TAEアクション「フットエフェクト」に設定する、SFX識別子</Description>
      <Maximum>999999999</Maximum>
      <SortID>45</SortID>
    </Field>
    <Field Def="u32 sfxId_45">
      <DisplayName>SFX識別子：45</DisplayName>
      <Description>NPCパラメータの「フットエフェクト識別子」項目に入力された数値、特殊効果パラメータの「追加フットエフェクト識別子」項目に入力された数値、TAEアクション「フットエフェクト」に設定する、SFX識別子</Description>
      <Maximum>999999999</Maximum>
      <SortID>46</SortID>
    </Field>
    <Field Def="u32 sfxId_46">
      <DisplayName>SFX識別子：46</DisplayName>
      <Description>NPCパラメータの「フットエフェクト識別子」項目に入力された数値、特殊効果パラメータの「追加フットエフェクト識別子」項目に入力された数値、TAEアクション「フットエフェクト」に設定する、SFX識別子</Description>
      <Maximum>999999999</Maximum>
      <SortID>47</SortID>
    </Field>
    <Field Def="u32 sfxId_47">
      <DisplayName>SFX識別子：47</DisplayName>
      <Description>NPCパラメータの「フットエフェクト識別子」項目に入力された数値、特殊効果パラメータの「追加フットエフェクト識別子」項目に入力された数値、TAEアクション「フットエフェクト」に設定する、SFX識別子</Description>
      <Maximum>999999999</Maximum>
      <SortID>48</SortID>
    </Field>
    <Field Def="u32 sfxId_48">
      <DisplayName>SFX識別子：48</DisplayName>
      <Description>NPCパラメータの「フットエフェクト識別子」項目に入力された数値、特殊効果パラメータの「追加フットエフェクト識別子」項目に入力された数値、TAEアクション「フットエフェクト」に設定する、SFX識別子</Description>
      <Maximum>999999999</Maximum>
      <SortID>49</SortID>
    </Field>
    <Field Def="u32 sfxId_49">
      <DisplayName>SFX識別子：49</DisplayName>
      <Description>NPCパラメータの「フットエフェクト識別子」項目に入力された数値、特殊効果パラメータの「追加フットエフェクト識別子」項目に入力された数値、TAEアクション「フットエフェクト」に設定する、SFX識別子</Description>
      <Maximum>999999999</Maximum>
      <SortID>50</SortID>
    </Field>
    <Field Def="u32 sfxId_50">
      <DisplayName>SFX識別子：50</DisplayName>
      <Description>NPCパラメータの「フットエフェクト識別子」項目に入力された数値、特殊効果パラメータの「追加フットエフェクト識別子」項目に入力された数値、TAEアクション「フットエフェクト」に設定する、SFX識別子</Description>
      <Maximum>999999999</Maximum>
      <SortID>51</SortID>
    </Field>
    <Field Def="u32 sfxId_51">
      <DisplayName>SFX識別子：51</DisplayName>
      <Description>NPCパラメータの「フットエフェクト識別子」項目に入力された数値、特殊効果パラメータの「追加フットエフェクト識別子」項目に入力された数値、TAEアクション「フットエフェクト」に設定する、SFX識別子</Description>
      <Maximum>999999999</Maximum>
      <SortID>52</SortID>
    </Field>
    <Field Def="u32 sfxId_52">
      <DisplayName>SFX識別子：52</DisplayName>
      <Description>NPCパラメータの「フットエフェクト識別子」項目に入力された数値、特殊効果パラメータの「追加フットエフェクト識別子」項目に入力された数値、TAEアクション「フットエフェクト」に設定する、SFX識別子</Description>
      <Maximum>999999999</Maximum>
      <SortID>53</SortID>
    </Field>
    <Field Def="u32 sfxId_53">
      <DisplayName>SFX識別子：53</DisplayName>
      <Description>NPCパラメータの「フットエフェクト識別子」項目に入力された数値、特殊効果パラメータの「追加フットエフェクト識別子」項目に入力された数値、TAEアクション「フットエフェクト」に設定する、SFX識別子</Description>
      <Maximum>999999999</Maximum>
      <SortID>54</SortID>
    </Field>
    <Field Def="u32 sfxId_54">
      <DisplayName>SFX識別子：54</DisplayName>
      <Description>NPCパラメータの「フットエフェクト識別子」項目に入力された数値、特殊効果パラメータの「追加フットエフェクト識別子」項目に入力された数値、TAEアクション「フットエフェクト」に設定する、SFX識別子</Description>
      <Maximum>999999999</Maximum>
      <SortID>55</SortID>
    </Field>
    <Field Def="u32 sfxId_55">
      <DisplayName>SFX識別子：55</DisplayName>
      <Description>NPCパラメータの「フットエフェクト識別子」項目に入力された数値、特殊効果パラメータの「追加フットエフェクト識別子」項目に入力された数値、TAEアクション「フットエフェクト」に設定する、SFX識別子</Description>
      <Maximum>999999999</Maximum>
      <SortID>56</SortID>
    </Field>
    <Field Def="u32 sfxId_56">
      <DisplayName>SFX識別子：56</DisplayName>
      <Description>NPCパラメータの「フットエフェクト識別子」項目に入力された数値、特殊効果パラメータの「追加フットエフェクト識別子」項目に入力された数値、TAEアクション「フットエフェクト」に設定する、SFX識別子</Description>
      <Maximum>999999999</Maximum>
      <SortID>57</SortID>
    </Field>
    <Field Def="u32 sfxId_57">
      <DisplayName>SFX識別子：57</DisplayName>
      <Description>NPCパラメータの「フットエフェクト識別子」項目に入力された数値、特殊効果パラメータの「追加フットエフェクト識別子」項目に入力された数値、TAEアクション「フットエフェクト」に設定する、SFX識別子</Description>
      <Maximum>999999999</Maximum>
      <SortID>58</SortID>
    </Field>
    <Field Def="u32 sfxId_58">
      <DisplayName>SFX識別子：58</DisplayName>
      <Description>NPCパラメータの「フットエフェクト識別子」項目に入力された数値、特殊効果パラメータの「追加フットエフェクト識別子」項目に入力された数値、TAEアクション「フットエフェクト」に設定する、SFX識別子</Description>
      <Maximum>999999999</Maximum>
      <SortID>59</SortID>
    </Field>
    <Field Def="u32 sfxId_59">
      <DisplayName>SFX識別子：59</DisplayName>
      <Description>NPCパラメータの「フットエフェクト識別子」項目に入力された数値、特殊効果パラメータの「追加フットエフェクト識別子」項目に入力された数値、TAEアクション「フットエフェクト」に設定する、SFX識別子</Description>
      <Maximum>999999999</Maximum>
      <SortID>60</SortID>
    </Field>
    <Field Def="u32 sfxId_60">
      <DisplayName>SFX識別子：60</DisplayName>
      <Description>NPCパラメータの「フットエフェクト識別子」項目に入力された数値、特殊効果パラメータの「追加フットエフェクト識別子」項目に入力された数値、TAEアクション「フットエフェクト」に設定する、SFX識別子</Description>
      <Maximum>999999999</Maximum>
      <SortID>61</SortID>
    </Field>
    <Field Def="u32 sfxId_61">
      <DisplayName>SFX識別子：61</DisplayName>
      <Description>NPCパラメータの「フットエフェクト識別子」項目に入力された数値、特殊効果パラメータの「追加フットエフェクト識別子」項目に入力された数値、TAEアクション「フットエフェクト」に設定する、SFX識別子</Description>
      <Maximum>999999999</Maximum>
      <SortID>62</SortID>
    </Field>
    <Field Def="u32 sfxId_62">
      <DisplayName>SFX識別子：62</DisplayName>
      <Description>NPCパラメータの「フットエフェクト識別子」項目に入力された数値、特殊効果パラメータの「追加フットエフェクト識別子」項目に入力された数値、TAEアクション「フットエフェクト」に設定する、SFX識別子</Description>
      <Maximum>999999999</Maximum>
      <SortID>63</SortID>
    </Field>
    <Field Def="u32 sfxId_63">
      <DisplayName>SFX識別子：63</DisplayName>
      <Description>NPCパラメータの「フットエフェクト識別子」項目に入力された数値、特殊効果パラメータの「追加フットエフェクト識別子」項目に入力された数値、TAEアクション「フットエフェクト」に設定する、SFX識別子</Description>
      <Maximum>999999999</Maximum>
      <SortID>64</SortID>
    </Field>
    <Field Def="u32 sfxId_64">
      <DisplayName>SFX識別子：64</DisplayName>
      <Description>NPCパラメータの「フットエフェクト識別子」項目に入力された数値、特殊効果パラメータの「追加フットエフェクト識別子」項目に入力された数値、TAEアクション「フットエフェクト」に設定する、SFX識別子</Description>
      <Maximum>999999999</Maximum>
      <SortID>65</SortID>
    </Field>
    <Field Def="u32 sfxId_65">
      <DisplayName>SFX識別子：65</DisplayName>
      <Description>NPCパラメータの「フットエフェクト識別子」項目に入力された数値、特殊効果パラメータの「追加フットエフェクト識別子」項目に入力された数値、TAEアクション「フットエフェクト」に設定する、SFX識別子</Description>
      <Maximum>999999999</Maximum>
      <SortID>66</SortID>
    </Field>
    <Field Def="u32 sfxId_66">
      <DisplayName>SFX識別子：66</DisplayName>
      <Description>NPCパラメータの「フットエフェクト識別子」項目に入力された数値、特殊効果パラメータの「追加フットエフェクト識別子」項目に入力された数値、TAEアクション「フットエフェクト」に設定する、SFX識別子</Description>
      <Maximum>999999999</Maximum>
      <SortID>67</SortID>
    </Field>
    <Field Def="u32 sfxId_67">
      <DisplayName>SFX識別子：67</DisplayName>
      <Description>NPCパラメータの「フットエフェクト識別子」項目に入力された数値、特殊効果パラメータの「追加フットエフェクト識別子」項目に入力された数値、TAEアクション「フットエフェクト」に設定する、SFX識別子</Description>
      <Maximum>999999999</Maximum>
      <SortID>68</SortID>
    </Field>
    <Field Def="u32 sfxId_68">
      <DisplayName>SFX識別子：68</DisplayName>
      <Description>NPCパラメータの「フットエフェクト識別子」項目に入力された数値、特殊効果パラメータの「追加フットエフェクト識別子」項目に入力された数値、TAEアクション「フットエフェクト」に設定する、SFX識別子</Description>
      <Maximum>999999999</Maximum>
      <SortID>69</SortID>
    </Field>
    <Field Def="u32 sfxId_69">
      <DisplayName>SFX識別子：69</DisplayName>
      <Description>NPCパラメータの「フットエフェクト識別子」項目に入力された数値、特殊効果パラメータの「追加フットエフェクト識別子」項目に入力された数値、TAEアクション「フットエフェクト」に設定する、SFX識別子</Description>
      <Maximum>999999999</Maximum>
      <SortID>70</SortID>
    </Field>
    <Field Def="u32 sfxId_70">
      <DisplayName>SFX識別子：70</DisplayName>
      <Description>NPCパラメータの「フットエフェクト識別子」項目に入力された数値、特殊効果パラメータの「追加フットエフェクト識別子」項目に入力された数値、TAEアクション「フットエフェクト」に設定する、SFX識別子</Description>
      <Maximum>999999999</Maximum>
      <SortID>71</SortID>
    </Field>
    <Field Def="u32 sfxId_71">
      <DisplayName>SFX識別子：71</DisplayName>
      <Description>NPCパラメータの「フットエフェクト識別子」項目に入力された数値、特殊効果パラメータの「追加フットエフェクト識別子」項目に入力された数値、TAEアクション「フットエフェクト」に設定する、SFX識別子</Description>
      <Maximum>999999999</Maximum>
      <SortID>72</SortID>
    </Field>
    <Field Def="u32 sfxId_72">
      <DisplayName>SFX識別子：72</DisplayName>
      <Description>NPCパラメータの「フットエフェクト識別子」項目に入力された数値、特殊効果パラメータの「追加フットエフェクト識別子」項目に入力された数値、TAEアクション「フットエフェクト」に設定する、SFX識別子</Description>
      <Maximum>999999999</Maximum>
      <SortID>73</SortID>
    </Field>
    <Field Def="u32 sfxId_73">
      <DisplayName>SFX識別子：73</DisplayName>
      <Description>NPCパラメータの「フットエフェクト識別子」項目に入力された数値、特殊効果パラメータの「追加フットエフェクト識別子」項目に入力された数値、TAEアクション「フットエフェクト」に設定する、SFX識別子</Description>
      <Maximum>999999999</Maximum>
      <SortID>74</SortID>
    </Field>
    <Field Def="u32 sfxId_74">
      <DisplayName>SFX識別子：74</DisplayName>
      <Description>NPCパラメータの「フットエフェクト識別子」項目に入力された数値、特殊効果パラメータの「追加フットエフェクト識別子」項目に入力された数値、TAEアクション「フットエフェクト」に設定する、SFX識別子</Description>
      <Maximum>999999999</Maximum>
      <SortID>75</SortID>
    </Field>
    <Field Def="u32 sfxId_75">
      <DisplayName>SFX識別子：75</DisplayName>
      <Description>NPCパラメータの「フットエフェクト識別子」項目に入力された数値、特殊効果パラメータの「追加フットエフェクト識別子」項目に入力された数値、TAEアクション「フットエフェクト」に設定する、SFX識別子</Description>
      <Maximum>999999999</Maximum>
      <SortID>76</SortID>
    </Field>
    <Field Def="u32 sfxId_76">
      <DisplayName>SFX識別子：76</DisplayName>
      <Description>NPCパラメータの「フットエフェクト識別子」項目に入力された数値、特殊効果パラメータの「追加フットエフェクト識別子」項目に入力された数値、TAEアクション「フットエフェクト」に設定する、SFX識別子</Description>
      <Maximum>999999999</Maximum>
      <SortID>77</SortID>
    </Field>
    <Field Def="u32 sfxId_77">
      <DisplayName>SFX識別子：77</DisplayName>
      <Description>NPCパラメータの「フットエフェクト識別子」項目に入力された数値、特殊効果パラメータの「追加フットエフェクト識別子」項目に入力された数値、TAEアクション「フットエフェクト」に設定する、SFX識別子</Description>
      <Maximum>999999999</Maximum>
      <SortID>78</SortID>
    </Field>
    <Field Def="u32 sfxId_78">
      <DisplayName>SFX識別子：78</DisplayName>
      <Description>NPCパラメータの「フットエフェクト識別子」項目に入力された数値、特殊効果パラメータの「追加フットエフェクト識別子」項目に入力された数値、TAEアクション「フットエフェクト」に設定する、SFX識別子</Description>
      <Maximum>999999999</Maximum>
      <SortID>79</SortID>
    </Field>
    <Field Def="u32 sfxId_79">
      <DisplayName>SFX識別子：79</DisplayName>
      <Description>NPCパラメータの「フットエフェクト識別子」項目に入力された数値、特殊効果パラメータの「追加フットエフェクト識別子」項目に入力された数値、TAEアクション「フットエフェクト」に設定する、SFX識別子</Description>
      <Maximum>999999999</Maximum>
      <SortID>80</SortID>
    </Field>
    <Field Def="u32 sfxId_80">
      <DisplayName>SFX識別子：80</DisplayName>
      <Description>NPCパラメータの「フットエフェクト識別子」項目に入力された数値、特殊効果パラメータの「追加フットエフェクト識別子」項目に入力された数値、TAEアクション「フットエフェクト」に設定する、SFX識別子</Description>
      <Maximum>999999999</Maximum>
      <SortID>81</SortID>
    </Field>
    <Field Def="u32 sfxId_81">
      <DisplayName>SFX識別子：81</DisplayName>
      <Description>NPCパラメータの「フットエフェクト識別子」項目に入力された数値、特殊効果パラメータの「追加フットエフェクト識別子」項目に入力された数値、TAEアクション「フットエフェクト」に設定する、SFX識別子</Description>
      <Maximum>999999999</Maximum>
      <SortID>82</SortID>
    </Field>
    <Field Def="u32 sfxId_82">
      <DisplayName>SFX識別子：82</DisplayName>
      <Description>NPCパラメータの「フットエフェクト識別子」項目に入力された数値、特殊効果パラメータの「追加フットエフェクト識別子」項目に入力された数値、TAEアクション「フットエフェクト」に設定する、SFX識別子</Description>
      <Maximum>999999999</Maximum>
      <SortID>83</SortID>
    </Field>
    <Field Def="u32 sfxId_83">
      <DisplayName>SFX識別子：83</DisplayName>
      <Description>NPCパラメータの「フットエフェクト識別子」項目に入力された数値、特殊効果パラメータの「追加フットエフェクト識別子」項目に入力された数値、TAEアクション「フットエフェクト」に設定する、SFX識別子</Description>
      <Maximum>999999999</Maximum>
      <SortID>84</SortID>
    </Field>
    <Field Def="u32 sfxId_84">
      <DisplayName>SFX識別子：84</DisplayName>
      <Description>NPCパラメータの「フットエフェクト識別子」項目に入力された数値、特殊効果パラメータの「追加フットエフェクト識別子」項目に入力された数値、TAEアクション「フットエフェクト」に設定する、SFX識別子</Description>
      <Maximum>999999999</Maximum>
      <SortID>85</SortID>
    </Field>
    <Field Def="u32 sfxId_85">
      <DisplayName>SFX識別子：85</DisplayName>
      <Description>NPCパラメータの「フットエフェクト識別子」項目に入力された数値、特殊効果パラメータの「追加フットエフェクト識別子」項目に入力された数値、TAEアクション「フットエフェクト」に設定する、SFX識別子</Description>
      <Maximum>999999999</Maximum>
      <SortID>86</SortID>
    </Field>
    <Field Def="u32 sfxId_86">
      <DisplayName>SFX識別子：86</DisplayName>
      <Description>NPCパラメータの「フットエフェクト識別子」項目に入力された数値、特殊効果パラメータの「追加フットエフェクト識別子」項目に入力された数値、TAEアクション「フットエフェクト」に設定する、SFX識別子</Description>
      <Maximum>999999999</Maximum>
      <SortID>87</SortID>
    </Field>
    <Field Def="u32 sfxId_87">
      <DisplayName>SFX識別子：87</DisplayName>
      <Description>NPCパラメータの「フットエフェクト識別子」項目に入力された数値、特殊効果パラメータの「追加フットエフェクト識別子」項目に入力された数値、TAEアクション「フットエフェクト」に設定する、SFX識別子</Description>
      <Maximum>999999999</Maximum>
      <SortID>88</SortID>
    </Field>
    <Field Def="u32 sfxId_88">
      <DisplayName>SFX識別子：88</DisplayName>
      <Description>NPCパラメータの「フットエフェクト識別子」項目に入力された数値、特殊効果パラメータの「追加フットエフェクト識別子」項目に入力された数値、TAEアクション「フットエフェクト」に設定する、SFX識別子</Description>
      <Maximum>999999999</Maximum>
      <SortID>89</SortID>
    </Field>
    <Field Def="u32 sfxId_89">
      <DisplayName>SFX識別子：89</DisplayName>
      <Description>NPCパラメータの「フットエフェクト識別子」項目に入力された数値、特殊効果パラメータの「追加フットエフェクト識別子」項目に入力された数値、TAEアクション「フットエフェクト」に設定する、SFX識別子</Description>
      <Maximum>999999999</Maximum>
      <SortID>90</SortID>
    </Field>
    <Field Def="u32 sfxId_90">
      <DisplayName>SFX識別子：90</DisplayName>
      <Description>NPCパラメータの「フットエフェクト識別子」項目に入力された数値、特殊効果パラメータの「追加フットエフェクト識別子」項目に入力された数値、TAEアクション「フットエフェクト」に設定する、SFX識別子</Description>
      <Maximum>999999999</Maximum>
      <SortID>91</SortID>
    </Field>
    <Field Def="u32 sfxId_91">
      <DisplayName>SFX識別子：91</DisplayName>
      <Description>NPCパラメータの「フットエフェクト識別子」項目に入力された数値、特殊効果パラメータの「追加フットエフェクト識別子」項目に入力された数値、TAEアクション「フットエフェクト」に設定する、SFX識別子</Description>
      <Maximum>999999999</Maximum>
      <SortID>92</SortID>
    </Field>
    <Field Def="u32 sfxId_92">
      <DisplayName>SFX識別子：92</DisplayName>
      <Description>NPCパラメータの「フットエフェクト識別子」項目に入力された数値、特殊効果パラメータの「追加フットエフェクト識別子」項目に入力された数値、TAEアクション「フットエフェクト」に設定する、SFX識別子</Description>
      <Maximum>999999999</Maximum>
      <SortID>93</SortID>
    </Field>
    <Field Def="u32 sfxId_93">
      <DisplayName>SFX識別子：93</DisplayName>
      <Description>NPCパラメータの「フットエフェクト識別子」項目に入力された数値、特殊効果パラメータの「追加フットエフェクト識別子」項目に入力された数値、TAEアクション「フットエフェクト」に設定する、SFX識別子</Description>
      <Maximum>999999999</Maximum>
      <SortID>94</SortID>
    </Field>
    <Field Def="u32 sfxId_94">
      <DisplayName>SFX識別子：94</DisplayName>
      <Description>NPCパラメータの「フットエフェクト識別子」項目に入力された数値、特殊効果パラメータの「追加フットエフェクト識別子」項目に入力された数値、TAEアクション「フットエフェクト」に設定する、SFX識別子</Description>
      <Maximum>999999999</Maximum>
      <SortID>95</SortID>
    </Field>
    <Field Def="u32 sfxId_95">
      <DisplayName>SFX識別子：95</DisplayName>
      <Description>NPCパラメータの「フットエフェクト識別子」項目に入力された数値、特殊効果パラメータの「追加フットエフェクト識別子」項目に入力された数値、TAEアクション「フットエフェクト」に設定する、SFX識別子</Description>
      <Maximum>999999999</Maximum>
      <SortID>96</SortID>
    </Field>
    <Field Def="u32 sfxId_96">
      <DisplayName>SFX識別子：96</DisplayName>
      <Description>NPCパラメータの「フットエフェクト識別子」項目に入力された数値、特殊効果パラメータの「追加フットエフェクト識別子」項目に入力された数値、TAEアクション「フットエフェクト」に設定する、SFX識別子</Description>
      <Maximum>999999999</Maximum>
      <SortID>97</SortID>
    </Field>
    <Field Def="u32 sfxId_97">
      <DisplayName>SFX識別子：97</DisplayName>
      <Description>NPCパラメータの「フットエフェクト識別子」項目に入力された数値、特殊効果パラメータの「追加フットエフェクト識別子」項目に入力された数値、TAEアクション「フットエフェクト」に設定する、SFX識別子</Description>
      <Maximum>999999999</Maximum>
      <SortID>98</SortID>
    </Field>
    <Field Def="u32 sfxId_98">
      <DisplayName>SFX識別子：98</DisplayName>
      <Description>NPCパラメータの「フットエフェクト識別子」項目に入力された数値、特殊効果パラメータの「追加フットエフェクト識別子」項目に入力された数値、TAEアクション「フットエフェクト」に設定する、SFX識別子</Description>
      <Maximum>999999999</Maximum>
      <SortID>99</SortID>
    </Field>
    <Field Def="u32 sfxId_99">
      <DisplayName>SFX識別子：99</DisplayName>
      <Description>NPCパラメータの「フットエフェクト識別子」項目に入力された数値、特殊効果パラメータの「追加フットエフェクト識別子」項目に入力された数値、TAEアクション「フットエフェクト」に設定する、SFX識別子</Description>
      <Maximum>999999999</Maximum>
      <SortID>100</SortID>
    </Field>
    <Field Def="u32 sfxId_100">
      <DisplayName>SFX識別子：100</DisplayName>
      <Description>NPCパラメータの「フットエフェクト識別子」項目に入力された数値、特殊効果パラメータの「追加フットエフェクト識別子」項目に入力された数値、TAEアクション「フットエフェクト」に設定する、SFX識別子</Description>
      <Maximum>999999999</Maximum>
      <SortID>101</SortID>
    </Field>
    <Field Def="u32 sfxId_101">
      <DisplayName>SFX識別子：101</DisplayName>
      <Description>NPCパラメータの「フットエフェクト識別子」項目に入力された数値、特殊効果パラメータの「追加フットエフェクト識別子」項目に入力された数値、TAEアクション「フットエフェクト」に設定する、SFX識別子</Description>
      <Maximum>999999999</Maximum>
      <SortID>102</SortID>
    </Field>
    <Field Def="u32 sfxId_102">
      <DisplayName>SFX識別子：102</DisplayName>
      <Description>NPCパラメータの「フットエフェクト識別子」項目に入力された数値、特殊効果パラメータの「追加フットエフェクト識別子」項目に入力された数値、TAEアクション「フットエフェクト」に設定する、SFX識別子</Description>
      <Maximum>999999999</Maximum>
      <SortID>103</SortID>
    </Field>
    <Field Def="u32 sfxId_103">
      <DisplayName>SFX識別子：103</DisplayName>
      <Description>NPCパラメータの「フットエフェクト識別子」項目に入力された数値、特殊効果パラメータの「追加フットエフェクト識別子」項目に入力された数値、TAEアクション「フットエフェクト」に設定する、SFX識別子</Description>
      <Maximum>999999999</Maximum>
      <SortID>104</SortID>
    </Field>
    <Field Def="u32 sfxId_104">
      <DisplayName>SFX識別子：104</DisplayName>
      <Description>NPCパラメータの「フットエフェクト識別子」項目に入力された数値、特殊効果パラメータの「追加フットエフェクト識別子」項目に入力された数値、TAEアクション「フットエフェクト」に設定する、SFX識別子</Description>
      <Maximum>999999999</Maximum>
      <SortID>105</SortID>
    </Field>
    <Field Def="u32 sfxId_105">
      <DisplayName>SFX識別子：105</DisplayName>
      <Description>NPCパラメータの「フットエフェクト識別子」項目に入力された数値、特殊効果パラメータの「追加フットエフェクト識別子」項目に入力された数値、TAEアクション「フットエフェクト」に設定する、SFX識別子</Description>
      <Maximum>999999999</Maximum>
      <SortID>106</SortID>
    </Field>
    <Field Def="u32 sfxId_106">
      <DisplayName>SFX識別子：106</DisplayName>
      <Description>NPCパラメータの「フットエフェクト識別子」項目に入力された数値、特殊効果パラメータの「追加フットエフェクト識別子」項目に入力された数値、TAEアクション「フットエフェクト」に設定する、SFX識別子</Description>
      <Maximum>999999999</Maximum>
      <SortID>107</SortID>
    </Field>
    <Field Def="u32 sfxId_107">
      <DisplayName>SFX識別子：107</DisplayName>
      <Description>NPCパラメータの「フットエフェクト識別子」項目に入力された数値、特殊効果パラメータの「追加フットエフェクト識別子」項目に入力された数値、TAEアクション「フットエフェクト」に設定する、SFX識別子</Description>
      <Maximum>999999999</Maximum>
      <SortID>108</SortID>
    </Field>
    <Field Def="u32 sfxId_108">
      <DisplayName>SFX識別子：108</DisplayName>
      <Description>NPCパラメータの「フットエフェクト識別子」項目に入力された数値、特殊効果パラメータの「追加フットエフェクト識別子」項目に入力された数値、TAEアクション「フットエフェクト」に設定する、SFX識別子</Description>
      <Maximum>999999999</Maximum>
      <SortID>109</SortID>
    </Field>
    <Field Def="u32 sfxId_109">
      <DisplayName>SFX識別子：109</DisplayName>
      <Description>NPCパラメータの「フットエフェクト識別子」項目に入力された数値、特殊効果パラメータの「追加フットエフェクト識別子」項目に入力された数値、TAEアクション「フットエフェクト」に設定する、SFX識別子</Description>
      <Maximum>999999999</Maximum>
      <SortID>110</SortID>
    </Field>
    <Field Def="u32 sfxId_110">
      <DisplayName>SFX識別子：110</DisplayName>
      <Description>NPCパラメータの「フットエフェクト識別子」項目に入力された数値、特殊効果パラメータの「追加フットエフェクト識別子」項目に入力された数値、TAEアクション「フットエフェクト」に設定する、SFX識別子</Description>
      <Maximum>999999999</Maximum>
      <SortID>111</SortID>
    </Field>
    <Field Def="u32 sfxId_111">
      <DisplayName>SFX識別子：111</DisplayName>
      <Description>NPCパラメータの「フットエフェクト識別子」項目に入力された数値、特殊効果パラメータの「追加フットエフェクト識別子」項目に入力された数値、TAEアクション「フットエフェクト」に設定する、SFX識別子</Description>
      <Maximum>999999999</Maximum>
      <SortID>112</SortID>
    </Field>
    <Field Def="u32 sfxId_112">
      <DisplayName>SFX識別子：112</DisplayName>
      <Description>NPCパラメータの「フットエフェクト識別子」項目に入力された数値、特殊効果パラメータの「追加フットエフェクト識別子」項目に入力された数値、TAEアクション「フットエフェクト」に設定する、SFX識別子</Description>
      <Maximum>999999999</Maximum>
      <SortID>113</SortID>
    </Field>
    <Field Def="u32 sfxId_113">
      <DisplayName>SFX識別子：113</DisplayName>
      <Description>NPCパラメータの「フットエフェクト識別子」項目に入力された数値、特殊効果パラメータの「追加フットエフェクト識別子」項目に入力された数値、TAEアクション「フットエフェクト」に設定する、SFX識別子</Description>
      <Maximum>999999999</Maximum>
      <SortID>114</SortID>
    </Field>
    <Field Def="u32 sfxId_114">
      <DisplayName>SFX識別子：114</DisplayName>
      <Description>NPCパラメータの「フットエフェクト識別子」項目に入力された数値、特殊効果パラメータの「追加フットエフェクト識別子」項目に入力された数値、TAEアクション「フットエフェクト」に設定する、SFX識別子</Description>
      <Maximum>999999999</Maximum>
      <SortID>115</SortID>
    </Field>
    <Field Def="u32 sfxId_115">
      <DisplayName>SFX識別子：115</DisplayName>
      <Description>NPCパラメータの「フットエフェクト識別子」項目に入力された数値、特殊効果パラメータの「追加フットエフェクト識別子」項目に入力された数値、TAEアクション「フットエフェクト」に設定する、SFX識別子</Description>
      <Maximum>999999999</Maximum>
      <SortID>116</SortID>
    </Field>
    <Field Def="u32 sfxId_116">
      <DisplayName>SFX識別子：116</DisplayName>
      <Description>NPCパラメータの「フットエフェクト識別子」項目に入力された数値、特殊効果パラメータの「追加フットエフェクト識別子」項目に入力された数値、TAEアクション「フットエフェクト」に設定する、SFX識別子</Description>
      <Maximum>999999999</Maximum>
      <SortID>117</SortID>
    </Field>
    <Field Def="u32 sfxId_117">
      <DisplayName>SFX識別子：117</DisplayName>
      <Description>NPCパラメータの「フットエフェクト識別子」項目に入力された数値、特殊効果パラメータの「追加フットエフェクト識別子」項目に入力された数値、TAEアクション「フットエフェクト」に設定する、SFX識別子</Description>
      <Maximum>999999999</Maximum>
      <SortID>118</SortID>
    </Field>
    <Field Def="u32 sfxId_118">
      <DisplayName>SFX識別子：118</DisplayName>
      <Description>NPCパラメータの「フットエフェクト識別子」項目に入力された数値、特殊効果パラメータの「追加フットエフェクト識別子」項目に入力された数値、TAEアクション「フットエフェクト」に設定する、SFX識別子</Description>
      <Maximum>999999999</Maximum>
      <SortID>119</SortID>
    </Field>
    <Field Def="u32 sfxId_119">
      <DisplayName>SFX識別子：119</DisplayName>
      <Description>NPCパラメータの「フットエフェクト識別子」項目に入力された数値、特殊効果パラメータの「追加フットエフェクト識別子」項目に入力された数値、TAEアクション「フットエフェクト」に設定する、SFX識別子</Description>
      <Maximum>999999999</Maximum>
      <SortID>120</SortID>
    </Field>
    <Field Def="u32 sfxId_120">
      <DisplayName>SFX識別子：120</DisplayName>
      <Description>NPCパラメータの「フットエフェクト識別子」項目に入力された数値、特殊効果パラメータの「追加フットエフェクト識別子」項目に入力された数値、TAEアクション「フットエフェクト」に設定する、SFX識別子</Description>
      <Maximum>999999999</Maximum>
      <SortID>121</SortID>
    </Field>
    <Field Def="u32 sfxId_121">
      <DisplayName>SFX識別子：121</DisplayName>
      <Description>NPCパラメータの「フットエフェクト識別子」項目に入力された数値、特殊効果パラメータの「追加フットエフェクト識別子」項目に入力された数値、TAEアクション「フットエフェクト」に設定する、SFX識別子</Description>
      <Maximum>999999999</Maximum>
      <SortID>122</SortID>
    </Field>
    <Field Def="u32 sfxId_122">
      <DisplayName>SFX識別子：122</DisplayName>
      <Description>NPCパラメータの「フットエフェクト識別子」項目に入力された数値、特殊効果パラメータの「追加フットエフェクト識別子」項目に入力された数値、TAEアクション「フットエフェクト」に設定する、SFX識別子</Description>
      <Maximum>999999999</Maximum>
      <SortID>123</SortID>
    </Field>
    <Field Def="u32 sfxId_123">
      <DisplayName>SFX識別子：123</DisplayName>
      <Description>NPCパラメータの「フットエフェクト識別子」項目に入力された数値、特殊効果パラメータの「追加フットエフェクト識別子」項目に入力された数値、TAEアクション「フットエフェクト」に設定する、SFX識別子</Description>
      <Maximum>999999999</Maximum>
      <SortID>124</SortID>
    </Field>
    <Field Def="u32 sfxId_124">
      <DisplayName>SFX識別子：124</DisplayName>
      <Description>NPCパラメータの「フットエフェクト識別子」項目に入力された数値、特殊効果パラメータの「追加フットエフェクト識別子」項目に入力された数値、TAEアクション「フットエフェクト」に設定する、SFX識別子</Description>
      <Maximum>999999999</Maximum>
      <SortID>125</SortID>
    </Field>
    <Field Def="u32 sfxId_125">
      <DisplayName>SFX識別子：125</DisplayName>
      <Description>NPCパラメータの「フットエフェクト識別子」項目に入力された数値、特殊効果パラメータの「追加フットエフェクト識別子」項目に入力された数値、TAEアクション「フットエフェクト」に設定する、SFX識別子</Description>
      <Maximum>999999999</Maximum>
      <SortID>126</SortID>
    </Field>
    <Field Def="u32 sfxId_126">
      <DisplayName>SFX識別子：126</DisplayName>
      <Description>NPCパラメータの「フットエフェクト識別子」項目に入力された数値、特殊効果パラメータの「追加フットエフェクト識別子」項目に入力された数値、TAEアクション「フットエフェクト」に設定する、SFX識別子</Description>
      <Maximum>999999999</Maximum>
      <SortID>127</SortID>
    </Field>
    <Field Def="u32 sfxId_127">
      <DisplayName>SFX識別子：127</DisplayName>
      <Description>NPCパラメータの「フットエフェクト識別子」項目に入力された数値、特殊効果パラメータの「追加フットエフェクト識別子」項目に入力された数値、TAEアクション「フットエフェクト」に設定する、SFX識別子</Description>
      <Maximum>999999999</Maximum>
      <SortID>128</SortID>
    </Field>
    <Field Def="u32 sfxId_128">
      <DisplayName>SFX識別子：128</DisplayName>
      <Description>NPCパラメータの「フットエフェクト識別子」項目に入力された数値、特殊効果パラメータの「追加フットエフェクト識別子」項目に入力された数値、TAEアクション「フットエフェクト」に設定する、SFX識別子</Description>
      <Maximum>999999999</Maximum>
      <SortID>129</SortID>
    </Field>
    <Field Def="u32 sfxId_129">
      <DisplayName>SFX識別子：129</DisplayName>
      <Description>NPCパラメータの「フットエフェクト識別子」項目に入力された数値、特殊効果パラメータの「追加フットエフェクト識別子」項目に入力された数値、TAEアクション「フットエフェクト」に設定する、SFX識別子</Description>
      <Maximum>999999999</Maximum>
      <SortID>130</SortID>
    </Field>
    <Field Def="u32 sfxId_130">
      <DisplayName>SFX識別子：130</DisplayName>
      <Description>NPCパラメータの「フットエフェクト識別子」項目に入力された数値、特殊効果パラメータの「追加フットエフェクト識別子」項目に入力された数値、TAEアクション「フットエフェクト」に設定する、SFX識別子</Description>
      <Maximum>999999999</Maximum>
      <SortID>131</SortID>
    </Field>
    <Field Def="u32 sfxId_131">
      <DisplayName>SFX識別子：131</DisplayName>
      <Description>NPCパラメータの「フットエフェクト識別子」項目に入力された数値、特殊効果パラメータの「追加フットエフェクト識別子」項目に入力された数値、TAEアクション「フットエフェクト」に設定する、SFX識別子</Description>
      <Maximum>999999999</Maximum>
      <SortID>132</SortID>
    </Field>
    <Field Def="u32 sfxId_132">
      <DisplayName>SFX識別子：132</DisplayName>
      <Description>NPCパラメータの「フットエフェクト識別子」項目に入力された数値、特殊効果パラメータの「追加フットエフェクト識別子」項目に入力された数値、TAEアクション「フットエフェクト」に設定する、SFX識別子</Description>
      <Maximum>999999999</Maximum>
      <SortID>133</SortID>
    </Field>
    <Field Def="u32 sfxId_133">
      <DisplayName>SFX識別子：133</DisplayName>
      <Description>NPCパラメータの「フットエフェクト識別子」項目に入力された数値、特殊効果パラメータの「追加フットエフェクト識別子」項目に入力された数値、TAEアクション「フットエフェクト」に設定する、SFX識別子</Description>
      <Maximum>999999999</Maximum>
      <SortID>134</SortID>
    </Field>
    <Field Def="u32 sfxId_134">
      <DisplayName>SFX識別子：134</DisplayName>
      <Description>NPCパラメータの「フットエフェクト識別子」項目に入力された数値、特殊効果パラメータの「追加フットエフェクト識別子」項目に入力された数値、TAEアクション「フットエフェクト」に設定する、SFX識別子</Description>
      <Maximum>999999999</Maximum>
      <SortID>135</SortID>
    </Field>
    <Field Def="u32 sfxId_135">
      <DisplayName>SFX識別子：135</DisplayName>
      <Description>NPCパラメータの「フットエフェクト識別子」項目に入力された数値、特殊効果パラメータの「追加フットエフェクト識別子」項目に入力された数値、TAEアクション「フットエフェクト」に設定する、SFX識別子</Description>
      <Maximum>999999999</Maximum>
      <SortID>136</SortID>
    </Field>
    <Field Def="u32 sfxId_136">
      <DisplayName>SFX識別子：136</DisplayName>
      <Description>NPCパラメータの「フットエフェクト識別子」項目に入力された数値、特殊効果パラメータの「追加フットエフェクト識別子」項目に入力された数値、TAEアクション「フットエフェクト」に設定する、SFX識別子</Description>
      <Maximum>999999999</Maximum>
      <SortID>137</SortID>
    </Field>
    <Field Def="u32 sfxId_137">
      <DisplayName>SFX識別子：137</DisplayName>
      <Description>NPCパラメータの「フットエフェクト識別子」項目に入力された数値、特殊効果パラメータの「追加フットエフェクト識別子」項目に入力された数値、TAEアクション「フットエフェクト」に設定する、SFX識別子</Description>
      <Maximum>999999999</Maximum>
      <SortID>138</SortID>
    </Field>
    <Field Def="u32 sfxId_138">
      <DisplayName>SFX識別子：138</DisplayName>
      <Description>NPCパラメータの「フットエフェクト識別子」項目に入力された数値、特殊効果パラメータの「追加フットエフェクト識別子」項目に入力された数値、TAEアクション「フットエフェクト」に設定する、SFX識別子</Description>
      <Maximum>999999999</Maximum>
      <SortID>139</SortID>
    </Field>
    <Field Def="u32 sfxId_139">
      <DisplayName>SFX識別子：139</DisplayName>
      <Description>NPCパラメータの「フットエフェクト識別子」項目に入力された数値、特殊効果パラメータの「追加フットエフェクト識別子」項目に入力された数値、TAEアクション「フットエフェクト」に設定する、SFX識別子</Description>
      <Maximum>999999999</Maximum>
      <SortID>140</SortID>
    </Field>
    <Field Def="u32 sfxId_140">
      <DisplayName>SFX識別子：140</DisplayName>
      <Description>NPCパラメータの「フットエフェクト識別子」項目に入力された数値、特殊効果パラメータの「追加フットエフェクト識別子」項目に入力された数値、TAEアクション「フットエフェクト」に設定する、SFX識別子</Description>
      <Maximum>999999999</Maximum>
      <SortID>141</SortID>
    </Field>
    <Field Def="u32 sfxId_141">
      <DisplayName>SFX識別子：141</DisplayName>
      <Description>NPCパラメータの「フットエフェクト識別子」項目に入力された数値、特殊効果パラメータの「追加フットエフェクト識別子」項目に入力された数値、TAEアクション「フットエフェクト」に設定する、SFX識別子</Description>
      <Maximum>999999999</Maximum>
      <SortID>142</SortID>
    </Field>
    <Field Def="u32 sfxId_142">
      <DisplayName>SFX識別子：142</DisplayName>
      <Description>NPCパラメータの「フットエフェクト識別子」項目に入力された数値、特殊効果パラメータの「追加フットエフェクト識別子」項目に入力された数値、TAEアクション「フットエフェクト」に設定する、SFX識別子</Description>
      <Maximum>999999999</Maximum>
      <SortID>143</SortID>
    </Field>
    <Field Def="u32 sfxId_143">
      <DisplayName>SFX識別子：143</DisplayName>
      <Description>NPCパラメータの「フットエフェクト識別子」項目に入力された数値、特殊効果パラメータの「追加フットエフェクト識別子」項目に入力された数値、TAEアクション「フットエフェクト」に設定する、SFX識別子</Description>
      <Maximum>999999999</Maximum>
      <SortID>144</SortID>
    </Field>
    <Field Def="u32 sfxId_144">
      <DisplayName>SFX識別子：144</DisplayName>
      <Description>NPCパラメータの「フットエフェクト識別子」項目に入力された数値、特殊効果パラメータの「追加フットエフェクト識別子」項目に入力された数値、TAEアクション「フットエフェクト」に設定する、SFX識別子</Description>
      <Maximum>999999999</Maximum>
      <SortID>145</SortID>
    </Field>
    <Field Def="u32 sfxId_145">
      <DisplayName>SFX識別子：145</DisplayName>
      <Description>NPCパラメータの「フットエフェクト識別子」項目に入力された数値、特殊効果パラメータの「追加フットエフェクト識別子」項目に入力された数値、TAEアクション「フットエフェクト」に設定する、SFX識別子</Description>
      <Maximum>999999999</Maximum>
      <SortID>146</SortID>
    </Field>
    <Field Def="u32 sfxId_146">
      <DisplayName>SFX識別子：146</DisplayName>
      <Description>NPCパラメータの「フットエフェクト識別子」項目に入力された数値、特殊効果パラメータの「追加フットエフェクト識別子」項目に入力された数値、TAEアクション「フットエフェクト」に設定する、SFX識別子</Description>
      <Maximum>999999999</Maximum>
      <SortID>147</SortID>
    </Field>
    <Field Def="u32 sfxId_147">
      <DisplayName>SFX識別子：147</DisplayName>
      <Description>NPCパラメータの「フットエフェクト識別子」項目に入力された数値、特殊効果パラメータの「追加フットエフェクト識別子」項目に入力された数値、TAEアクション「フットエフェクト」に設定する、SFX識別子</Description>
      <Maximum>999999999</Maximum>
      <SortID>148</SortID>
    </Field>
    <Field Def="u32 sfxId_148">
      <DisplayName>SFX識別子：148</DisplayName>
      <Description>NPCパラメータの「フットエフェクト識別子」項目に入力された数値、特殊効果パラメータの「追加フットエフェクト識別子」項目に入力された数値、TAEアクション「フットエフェクト」に設定する、SFX識別子</Description>
      <Maximum>999999999</Maximum>
      <SortID>149</SortID>
    </Field>
    <Field Def="u32 sfxId_149">
      <DisplayName>SFX識別子：149</DisplayName>
      <Description>NPCパラメータの「フットエフェクト識別子」項目に入力された数値、特殊効果パラメータの「追加フットエフェクト識別子」項目に入力された数値、TAEアクション「フットエフェクト」に設定する、SFX識別子</Description>
      <Maximum>999999999</Maximum>
      <SortID>150</SortID>
    </Field>
    <Field Def="u32 sfxId_150">
      <DisplayName>SFX識別子：150</DisplayName>
      <Description>NPCパラメータの「フットエフェクト識別子」項目に入力された数値、特殊効果パラメータの「追加フットエフェクト識別子」項目に入力された数値、TAEアクション「フットエフェクト」に設定する、SFX識別子</Description>
      <Maximum>999999999</Maximum>
      <SortID>151</SortID>
    </Field>
    <Field Def="u32 sfxId_151">
      <DisplayName>SFX識別子：151</DisplayName>
      <Description>NPCパラメータの「フットエフェクト識別子」項目に入力された数値、特殊効果パラメータの「追加フットエフェクト識別子」項目に入力された数値、TAEアクション「フットエフェクト」に設定する、SFX識別子</Description>
      <Maximum>999999999</Maximum>
      <SortID>152</SortID>
    </Field>
    <Field Def="u32 sfxId_152">
      <DisplayName>SFX識別子：152</DisplayName>
      <Description>NPCパラメータの「フットエフェクト識別子」項目に入力された数値、特殊効果パラメータの「追加フットエフェクト識別子」項目に入力された数値、TAEアクション「フットエフェクト」に設定する、SFX識別子</Description>
      <Maximum>999999999</Maximum>
      <SortID>153</SortID>
    </Field>
    <Field Def="u32 sfxId_153">
      <DisplayName>SFX識別子：153</DisplayName>
      <Description>NPCパラメータの「フットエフェクト識別子」項目に入力された数値、特殊効果パラメータの「追加フットエフェクト識別子」項目に入力された数値、TAEアクション「フットエフェクト」に設定する、SFX識別子</Description>
      <Maximum>999999999</Maximum>
      <SortID>154</SortID>
    </Field>
    <Field Def="u32 sfxId_154">
      <DisplayName>SFX識別子：154</DisplayName>
      <Description>NPCパラメータの「フットエフェクト識別子」項目に入力された数値、特殊効果パラメータの「追加フットエフェクト識別子」項目に入力された数値、TAEアクション「フットエフェクト」に設定する、SFX識別子</Description>
      <Maximum>999999999</Maximum>
      <SortID>155</SortID>
    </Field>
    <Field Def="u32 sfxId_155">
      <DisplayName>SFX識別子：155</DisplayName>
      <Description>NPCパラメータの「フットエフェクト識別子」項目に入力された数値、特殊効果パラメータの「追加フットエフェクト識別子」項目に入力された数値、TAEアクション「フットエフェクト」に設定する、SFX識別子</Description>
      <Maximum>999999999</Maximum>
      <SortID>156</SortID>
    </Field>
    <Field Def="u32 sfxId_156">
      <DisplayName>SFX識別子：156</DisplayName>
      <Description>NPCパラメータの「フットエフェクト識別子」項目に入力された数値、特殊効果パラメータの「追加フットエフェクト識別子」項目に入力された数値、TAEアクション「フットエフェクト」に設定する、SFX識別子</Description>
      <Maximum>999999999</Maximum>
      <SortID>157</SortID>
    </Field>
    <Field Def="u32 sfxId_157">
      <DisplayName>SFX識別子：157</DisplayName>
      <Description>NPCパラメータの「フットエフェクト識別子」項目に入力された数値、特殊効果パラメータの「追加フットエフェクト識別子」項目に入力された数値、TAEアクション「フットエフェクト」に設定する、SFX識別子</Description>
      <Maximum>999999999</Maximum>
      <SortID>158</SortID>
    </Field>
    <Field Def="u32 sfxId_158">
      <DisplayName>SFX識別子：158</DisplayName>
      <Description>NPCパラメータの「フットエフェクト識別子」項目に入力された数値、特殊効果パラメータの「追加フットエフェクト識別子」項目に入力された数値、TAEアクション「フットエフェクト」に設定する、SFX識別子</Description>
      <Maximum>999999999</Maximum>
      <SortID>159</SortID>
    </Field>
    <Field Def="u32 sfxId_159">
      <DisplayName>SFX識別子：159</DisplayName>
      <Description>NPCパラメータの「フットエフェクト識別子」項目に入力された数値、特殊効果パラメータの「追加フットエフェクト識別子」項目に入力された数値、TAEアクション「フットエフェクト」に設定する、SFX識別子</Description>
      <Maximum>999999999</Maximum>
      <SortID>160</SortID>
    </Field>
    <Field Def="u32 sfxId_160">
      <DisplayName>SFX識別子：160</DisplayName>
      <Description>NPCパラメータの「フットエフェクト識別子」項目に入力された数値、特殊効果パラメータの「追加フットエフェクト識別子」項目に入力された数値、TAEアクション「フットエフェクト」に設定する、SFX識別子</Description>
      <Maximum>999999999</Maximum>
      <SortID>161</SortID>
    </Field>
    <Field Def="u32 sfxId_161">
      <DisplayName>SFX識別子：161</DisplayName>
      <Description>NPCパラメータの「フットエフェクト識別子」項目に入力された数値、特殊効果パラメータの「追加フットエフェクト識別子」項目に入力された数値、TAEアクション「フットエフェクト」に設定する、SFX識別子</Description>
      <Maximum>999999999</Maximum>
      <SortID>162</SortID>
    </Field>
    <Field Def="u32 sfxId_162">
      <DisplayName>SFX識別子：162</DisplayName>
      <Description>NPCパラメータの「フットエフェクト識別子」項目に入力された数値、特殊効果パラメータの「追加フットエフェクト識別子」項目に入力された数値、TAEアクション「フットエフェクト」に設定する、SFX識別子</Description>
      <Maximum>999999999</Maximum>
      <SortID>163</SortID>
    </Field>
    <Field Def="u32 sfxId_163">
      <DisplayName>SFX識別子：163</DisplayName>
      <Description>NPCパラメータの「フットエフェクト識別子」項目に入力された数値、特殊効果パラメータの「追加フットエフェクト識別子」項目に入力された数値、TAEアクション「フットエフェクト」に設定する、SFX識別子</Description>
      <Maximum>999999999</Maximum>
      <SortID>164</SortID>
    </Field>
    <Field Def="u32 sfxId_164">
      <DisplayName>SFX識別子：164</DisplayName>
      <Description>NPCパラメータの「フットエフェクト識別子」項目に入力された数値、特殊効果パラメータの「追加フットエフェクト識別子」項目に入力された数値、TAEアクション「フットエフェクト」に設定する、SFX識別子</Description>
      <Maximum>999999999</Maximum>
      <SortID>165</SortID>
    </Field>
    <Field Def="u32 sfxId_165">
      <DisplayName>SFX識別子：165</DisplayName>
      <Description>NPCパラメータの「フットエフェクト識別子」項目に入力された数値、特殊効果パラメータの「追加フットエフェクト識別子」項目に入力された数値、TAEアクション「フットエフェクト」に設定する、SFX識別子</Description>
      <Maximum>999999999</Maximum>
      <SortID>166</SortID>
    </Field>
    <Field Def="u32 sfxId_166">
      <DisplayName>SFX識別子：166</DisplayName>
      <Description>NPCパラメータの「フットエフェクト識別子」項目に入力された数値、特殊効果パラメータの「追加フットエフェクト識別子」項目に入力された数値、TAEアクション「フットエフェクト」に設定する、SFX識別子</Description>
      <Maximum>999999999</Maximum>
      <SortID>167</SortID>
    </Field>
    <Field Def="u32 sfxId_167">
      <DisplayName>SFX識別子：167</DisplayName>
      <Description>NPCパラメータの「フットエフェクト識別子」項目に入力された数値、特殊効果パラメータの「追加フットエフェクト識別子」項目に入力された数値、TAEアクション「フットエフェクト」に設定する、SFX識別子</Description>
      <Maximum>999999999</Maximum>
      <SortID>168</SortID>
    </Field>
    <Field Def="u32 sfxId_168">
      <DisplayName>SFX識別子：168</DisplayName>
      <Description>NPCパラメータの「フットエフェクト識別子」項目に入力された数値、特殊効果パラメータの「追加フットエフェクト識別子」項目に入力された数値、TAEアクション「フットエフェクト」に設定する、SFX識別子</Description>
      <Maximum>999999999</Maximum>
      <SortID>169</SortID>
    </Field>
    <Field Def="u32 sfxId_169">
      <DisplayName>SFX識別子：169</DisplayName>
      <Description>NPCパラメータの「フットエフェクト識別子」項目に入力された数値、特殊効果パラメータの「追加フットエフェクト識別子」項目に入力された数値、TAEアクション「フットエフェクト」に設定する、SFX識別子</Description>
      <Maximum>999999999</Maximum>
      <SortID>170</SortID>
    </Field>
    <Field Def="u32 sfxId_170">
      <DisplayName>SFX識別子：170</DisplayName>
      <Description>NPCパラメータの「フットエフェクト識別子」項目に入力された数値、特殊効果パラメータの「追加フットエフェクト識別子」項目に入力された数値、TAEアクション「フットエフェクト」に設定する、SFX識別子</Description>
      <Maximum>999999999</Maximum>
      <SortID>171</SortID>
    </Field>
    <Field Def="u32 sfxId_171">
      <DisplayName>SFX識別子：171</DisplayName>
      <Description>NPCパラメータの「フットエフェクト識別子」項目に入力された数値、特殊効果パラメータの「追加フットエフェクト識別子」項目に入力された数値、TAEアクション「フットエフェクト」に設定する、SFX識別子</Description>
      <Maximum>999999999</Maximum>
      <SortID>172</SortID>
    </Field>
    <Field Def="u32 sfxId_172">
      <DisplayName>SFX識別子：172</DisplayName>
      <Description>NPCパラメータの「フットエフェクト識別子」項目に入力された数値、特殊効果パラメータの「追加フットエフェクト識別子」項目に入力された数値、TAEアクション「フットエフェクト」に設定する、SFX識別子</Description>
      <Maximum>999999999</Maximum>
      <SortID>173</SortID>
    </Field>
    <Field Def="u32 sfxId_173">
      <DisplayName>SFX識別子：173</DisplayName>
      <Description>NPCパラメータの「フットエフェクト識別子」項目に入力された数値、特殊効果パラメータの「追加フットエフェクト識別子」項目に入力された数値、TAEアクション「フットエフェクト」に設定する、SFX識別子</Description>
      <Maximum>999999999</Maximum>
      <SortID>174</SortID>
    </Field>
    <Field Def="u32 sfxId_174">
      <DisplayName>SFX識別子：174</DisplayName>
      <Description>NPCパラメータの「フットエフェクト識別子」項目に入力された数値、特殊効果パラメータの「追加フットエフェクト識別子」項目に入力された数値、TAEアクション「フットエフェクト」に設定する、SFX識別子</Description>
      <Maximum>999999999</Maximum>
      <SortID>175</SortID>
    </Field>
    <Field Def="u32 sfxId_175">
      <DisplayName>SFX識別子：175</DisplayName>
      <Description>NPCパラメータの「フットエフェクト識別子」項目に入力された数値、特殊効果パラメータの「追加フットエフェクト識別子」項目に入力された数値、TAEアクション「フットエフェクト」に設定する、SFX識別子</Description>
      <Maximum>999999999</Maximum>
      <SortID>176</SortID>
    </Field>
    <Field Def="u32 sfxId_176">
      <DisplayName>SFX識別子：176</DisplayName>
      <Description>NPCパラメータの「フットエフェクト識別子」項目に入力された数値、特殊効果パラメータの「追加フットエフェクト識別子」項目に入力された数値、TAEアクション「フットエフェクト」に設定する、SFX識別子</Description>
      <Maximum>999999999</Maximum>
      <SortID>177</SortID>
    </Field>
    <Field Def="u32 sfxId_177">
      <DisplayName>SFX識別子：177</DisplayName>
      <Description>NPCパラメータの「フットエフェクト識別子」項目に入力された数値、特殊効果パラメータの「追加フットエフェクト識別子」項目に入力された数値、TAEアクション「フットエフェクト」に設定する、SFX識別子</Description>
      <Maximum>999999999</Maximum>
      <SortID>178</SortID>
    </Field>
    <Field Def="u32 sfxId_178">
      <DisplayName>SFX識別子：178</DisplayName>
      <Description>NPCパラメータの「フットエフェクト識別子」項目に入力された数値、特殊効果パラメータの「追加フットエフェクト識別子」項目に入力された数値、TAEアクション「フットエフェクト」に設定する、SFX識別子</Description>
      <Maximum>999999999</Maximum>
      <SortID>179</SortID>
    </Field>
    <Field Def="u32 sfxId_179">
      <DisplayName>SFX識別子：179</DisplayName>
      <Description>NPCパラメータの「フットエフェクト識別子」項目に入力された数値、特殊効果パラメータの「追加フットエフェクト識別子」項目に入力された数値、TAEアクション「フットエフェクト」に設定する、SFX識別子</Description>
      <Maximum>999999999</Maximum>
      <SortID>180</SortID>
    </Field>
    <Field Def="u32 sfxId_180">
      <DisplayName>SFX識別子：180</DisplayName>
      <Description>NPCパラメータの「フットエフェクト識別子」項目に入力された数値、特殊効果パラメータの「追加フットエフェクト識別子」項目に入力された数値、TAEアクション「フットエフェクト」に設定する、SFX識別子</Description>
      <Maximum>999999999</Maximum>
      <SortID>181</SortID>
    </Field>
    <Field Def="u32 sfxId_181">
      <DisplayName>SFX識別子：181</DisplayName>
      <Description>NPCパラメータの「フットエフェクト識別子」項目に入力された数値、特殊効果パラメータの「追加フットエフェクト識別子」項目に入力された数値、TAEアクション「フットエフェクト」に設定する、SFX識別子</Description>
      <Maximum>999999999</Maximum>
      <SortID>182</SortID>
    </Field>
    <Field Def="u32 sfxId_182">
      <DisplayName>SFX識別子：182</DisplayName>
      <Description>NPCパラメータの「フットエフェクト識別子」項目に入力された数値、特殊効果パラメータの「追加フットエフェクト識別子」項目に入力された数値、TAEアクション「フットエフェクト」に設定する、SFX識別子</Description>
      <Maximum>999999999</Maximum>
      <SortID>183</SortID>
    </Field>
    <Field Def="u32 sfxId_183">
      <DisplayName>SFX識別子：183</DisplayName>
      <Description>NPCパラメータの「フットエフェクト識別子」項目に入力された数値、特殊効果パラメータの「追加フットエフェクト識別子」項目に入力された数値、TAEアクション「フットエフェクト」に設定する、SFX識別子</Description>
      <Maximum>999999999</Maximum>
      <SortID>184</SortID>
    </Field>
    <Field Def="u32 sfxId_184">
      <DisplayName>SFX識別子：184</DisplayName>
      <Description>NPCパラメータの「フットエフェクト識別子」項目に入力された数値、特殊効果パラメータの「追加フットエフェクト識別子」項目に入力された数値、TAEアクション「フットエフェクト」に設定する、SFX識別子</Description>
      <Maximum>999999999</Maximum>
      <SortID>185</SortID>
    </Field>
    <Field Def="u32 sfxId_185">
      <DisplayName>SFX識別子：185</DisplayName>
      <Description>NPCパラメータの「フットエフェクト識別子」項目に入力された数値、特殊効果パラメータの「追加フットエフェクト識別子」項目に入力された数値、TAEアクション「フットエフェクト」に設定する、SFX識別子</Description>
      <Maximum>999999999</Maximum>
      <SortID>186</SortID>
    </Field>
    <Field Def="u32 sfxId_186">
      <DisplayName>SFX識別子：186</DisplayName>
      <Description>NPCパラメータの「フットエフェクト識別子」項目に入力された数値、特殊効果パラメータの「追加フットエフェクト識別子」項目に入力された数値、TAEアクション「フットエフェクト」に設定する、SFX識別子</Description>
      <Maximum>999999999</Maximum>
      <SortID>187</SortID>
    </Field>
    <Field Def="u32 sfxId_187">
      <DisplayName>SFX識別子：187</DisplayName>
      <Description>NPCパラメータの「フットエフェクト識別子」項目に入力された数値、特殊効果パラメータの「追加フットエフェクト識別子」項目に入力された数値、TAEアクション「フットエフェクト」に設定する、SFX識別子</Description>
      <Maximum>999999999</Maximum>
      <SortID>188</SortID>
    </Field>
    <Field Def="u32 sfxId_188">
      <DisplayName>SFX識別子：188</DisplayName>
      <Description>NPCパラメータの「フットエフェクト識別子」項目に入力された数値、特殊効果パラメータの「追加フットエフェクト識別子」項目に入力された数値、TAEアクション「フットエフェクト」に設定する、SFX識別子</Description>
      <Maximum>999999999</Maximum>
      <SortID>189</SortID>
    </Field>
    <Field Def="u32 sfxId_189">
      <DisplayName>SFX識別子：189</DisplayName>
      <Description>NPCパラメータの「フットエフェクト識別子」項目に入力された数値、特殊効果パラメータの「追加フットエフェクト識別子」項目に入力された数値、TAEアクション「フットエフェクト」に設定する、SFX識別子</Description>
      <Maximum>999999999</Maximum>
      <SortID>190</SortID>
    </Field>
    <Field Def="u32 sfxId_190">
      <DisplayName>SFX識別子：190</DisplayName>
      <Description>NPCパラメータの「フットエフェクト識別子」項目に入力された数値、特殊効果パラメータの「追加フットエフェクト識別子」項目に入力された数値、TAEアクション「フットエフェクト」に設定する、SFX識別子</Description>
      <Maximum>999999999</Maximum>
      <SortID>191</SortID>
    </Field>
    <Field Def="u32 sfxId_191">
      <DisplayName>SFX識別子：191</DisplayName>
      <Description>NPCパラメータの「フットエフェクト識別子」項目に入力された数値、特殊効果パラメータの「追加フットエフェクト識別子」項目に入力された数値、TAEアクション「フットエフェクト」に設定する、SFX識別子</Description>
      <Maximum>999999999</Maximum>
      <SortID>192</SortID>
    </Field>
    <Field Def="u32 sfxId_192">
      <DisplayName>SFX識別子：192</DisplayName>
      <Description>NPCパラメータの「フットエフェクト識別子」項目に入力された数値、特殊効果パラメータの「追加フットエフェクト識別子」項目に入力された数値、TAEアクション「フットエフェクト」に設定する、SFX識別子</Description>
      <Maximum>999999999</Maximum>
      <SortID>193</SortID>
    </Field>
    <Field Def="u32 sfxId_193">
      <DisplayName>SFX識別子：193</DisplayName>
      <Description>NPCパラメータの「フットエフェクト識別子」項目に入力された数値、特殊効果パラメータの「追加フットエフェクト識別子」項目に入力された数値、TAEアクション「フットエフェクト」に設定する、SFX識別子</Description>
      <Maximum>999999999</Maximum>
      <SortID>194</SortID>
    </Field>
    <Field Def="u32 sfxId_194">
      <DisplayName>SFX識別子：194</DisplayName>
      <Description>NPCパラメータの「フットエフェクト識別子」項目に入力された数値、特殊効果パラメータの「追加フットエフェクト識別子」項目に入力された数値、TAEアクション「フットエフェクト」に設定する、SFX識別子</Description>
      <Maximum>999999999</Maximum>
      <SortID>195</SortID>
    </Field>
    <Field Def="u32 sfxId_195">
      <DisplayName>SFX識別子：195</DisplayName>
      <Description>NPCパラメータの「フットエフェクト識別子」項目に入力された数値、特殊効果パラメータの「追加フットエフェクト識別子」項目に入力された数値、TAEアクション「フットエフェクト」に設定する、SFX識別子</Description>
      <Maximum>999999999</Maximum>
      <SortID>196</SortID>
    </Field>
    <Field Def="u32 sfxId_196">
      <DisplayName>SFX識別子：196</DisplayName>
      <Description>NPCパラメータの「フットエフェクト識別子」項目に入力された数値、特殊効果パラメータの「追加フットエフェクト識別子」項目に入力された数値、TAEアクション「フットエフェクト」に設定する、SFX識別子</Description>
      <Maximum>999999999</Maximum>
      <SortID>197</SortID>
    </Field>
    <Field Def="u32 sfxId_197">
      <DisplayName>SFX識別子：197</DisplayName>
      <Description>NPCパラメータの「フットエフェクト識別子」項目に入力された数値、特殊効果パラメータの「追加フットエフェクト識別子」項目に入力された数値、TAEアクション「フットエフェクト」に設定する、SFX識別子</Description>
      <Maximum>999999999</Maximum>
      <SortID>198</SortID>
    </Field>
    <Field Def="u32 sfxId_198">
      <DisplayName>SFX識別子：198</DisplayName>
      <Description>NPCパラメータの「フットエフェクト識別子」項目に入力された数値、特殊効果パラメータの「追加フットエフェクト識別子」項目に入力された数値、TAEアクション「フットエフェクト」に設定する、SFX識別子</Description>
      <Maximum>999999999</Maximum>
      <SortID>199</SortID>
    </Field>
    <Field Def="u32 sfxId_199">
      <DisplayName>SFX識別子：199</DisplayName>
      <Description>NPCパラメータの「フットエフェクト識別子」項目に入力された数値、特殊効果パラメータの「追加フットエフェクト識別子」項目に入力された数値、TAEアクション「フットエフェクト」に設定する、SFX識別子</Description>
      <Maximum>999999999</Maximum>
      <SortID>200</SortID>
    </Field>
  </Fields>
</PARAMDEF>