﻿<?xml version="1.0" encoding="utf-8"?>
<PARAMDEF XmlVersion="2">
  <ParamType>CS_SHADER_QUALITY_DETAIL</ParamType>
  <DataVersion>1</DataVersion>
  <BigEndian>False</BigEndian>
  <Unicode>True</Unicode>
  <FormatVersion>203</FormatVersion>
  <Fields>
    <Field Def="u8 sssEnabled = 1">
      <DisplayName>SSS有効</DisplayName>
      <Enum>ON_OFF</Enum>
      <Description>SSS有効</Description>
      <DisplayFormat>%u</DisplayFormat>
      <EditFlags>None</EditFlags>
      <Maximum>1</Maximum>
      <SortID>1</SortID>
    </Field>
    <Field Def="u8 tessellationEnabled">
      <DisplayName>テッセレーション有効</DisplayName>
      <Enum>ON_OFF</Enum>
      <Description>テッセレーション有効</Description>
      <DisplayFormat>%u</DisplayFormat>
      <EditFlags>None</EditFlags>
      <Maximum>1</Maximum>
      <SortID>2</SortID>
    </Field>
    <Field Def="u8 highPrecisionNormalEnabled">
      <DisplayName>高精度ノーマル有効</DisplayName>
      <Enum>ON_OFF</Enum>
      <Description>高精度ノーマル有効(G-Bufferに格納する法線の精度の設定)</Description>
      <DisplayFormat>%u</DisplayFormat>
      <EditFlags>None</EditFlags>
      <Maximum>1</Maximum>
      <SortID>3</SortID>
    </Field>
    <Field Def="fixstr dmy[1]">
      <DisplayFormat />
      <EditFlags>None</EditFlags>
      <SortID>4</SortID>
    </Field>
  </Fields>
</PARAMDEF>