﻿<?xml version="1.0" encoding="utf-8"?>
<PARAMDEF XmlVersion="2">
  <ParamType>CS_DECAL_QUALITY_DETAIL</ParamType>
  <DataVersion>1</DataVersion>
  <BigEndian>False</BigEndian>
  <Unicode>True</Unicode>
  <FormatVersion>203</FormatVersion>
  <Fields>
    <Field Def="u8 enabled = 1">
      <DisplayName>デカール有効</DisplayName>
      <Enum>ON_OFF</Enum>
      <Description>デカール有効</Description>
      <DisplayFormat>%u</DisplayFormat>
      <EditFlags>None</EditFlags>
      <Maximum>1</Maximum>
      <SortID>1</SortID>
    </Field>
    <Field Def="dummy8 dmy[3]">
      <SortID>9999</SortID>
    </Field>
  </Fields>
</PARAMDEF>