﻿<?xml version="1.0" encoding="utf-8"?>
<PARAMDEF XmlVersion="2">
  <ParamType>CS_VOLUMETRIC_EFFECT_QUALITY_DETAIL</ParamType>
  <DataVersion>2</DataVersion>
  <BigEndian>False</BigEndian>
  <Unicode>True</Unicode>
  <FormatVersion>203</FormatVersion>
  <Fields>
    <Field Def="u8 fogEnabled = 1">
      <DisplayName>フォグ有効</DisplayName>
      <Enum>ON_OFF</Enum>
      <Description>フォグ有効</Description>
      <DisplayFormat>%u</DisplayFormat>
      <EditFlags>None</EditFlags>
      <Maximum>1</Maximum>
      <SortID>100</SortID>
    </Field>
    <Field Def="u8 fogShadowEnabled = 1">
      <DisplayName>フォグシャドウ許可</DisplayName>
      <Enum>ON_OFF</Enum>
      <Description>フォグシャドウ許可</Description>
      <DisplayFormat>%u</DisplayFormat>
      <EditFlags>None</EditFlags>
      <Maximum>1</Maximum>
      <SortID>200</SortID>
    </Field>
    <Field Def="dummy8 dmy[2]">
      <Description>dmy</Description>
      <DisplayFormat>%u</DisplayFormat>
      <SortID>10000</SortID>
    </Field>
    <Field Def="s32 fogShadowSampleCountBias">
      <DisplayName>シャドウのサンプルカウントオフセット。</DisplayName>
      <Description>シャドウのサンプルカウントオフセット。</Description>
      <EditFlags>None</EditFlags>
      <Minimum>-16</Minimum>
      <Maximum>16</Maximum>
      <SortID>300</SortID>
    </Field>
    <Field Def="f32 fogLocalLightDistScale">
      <DisplayName>ローカルライト計算距離スケール (0にするとローカルライト計算をしない)</DisplayName>
      <Description>ローカルライト計算距離スケール (0にするとローカルライト計算をしない)</Description>
      <EditFlags>None</EditFlags>
      <Minimum>0</Minimum>
      <Maximum>2</Maximum>
      <SortID>400</SortID>
    </Field>
    <Field Def="u32 fogVolueSizeScaler = 1">
      <DisplayName>フォグボリュームサイズスケーラ</DisplayName>
      <Description>フォグボリュームサイズスケーラ</Description>
      <EditFlags>None</EditFlags>
      <Minimum>1</Minimum>
      <Maximum>8</Maximum>
      <SortID>500</SortID>
      <UnkC8>配置式フォグボリューム用設定</UnkC8>
    </Field>
    <Field Def="u32 fogVolueSizeDivider = 1">
      <DisplayName>フォグボリュームサイズ除算</DisplayName>
      <Description>フォグボリュームサイズ除算</Description>
      <EditFlags>None</EditFlags>
      <Minimum>1</Minimum>
      <Maximum>8</Maximum>
      <SortID>600</SortID>
      <UnkC8>配置式フォグボリューム用設定</UnkC8>
    </Field>
    <Field Def="u32 fogVolumeDepthScaler = 1">
      <DisplayName>フォグボリューム奥行きスライススケーラ</DisplayName>
      <Description>フォグボリューム奥行きスライススケーラ</Description>
      <EditFlags>None</EditFlags>
      <Minimum>1</Minimum>
      <Maximum>8</Maximum>
      <SortID>700</SortID>
      <UnkC8>配置式フォグボリューム用設定</UnkC8>
    </Field>
    <Field Def="u32 fogVolumeDepthDivider = 1">
      <DisplayName>フォグボリューム奥行きスライス除算</DisplayName>
      <Description>フォグボリューム奥行きスライス除算</Description>
      <EditFlags>None</EditFlags>
      <Minimum>1</Minimum>
      <Maximum>8</Maximum>
      <SortID>800</SortID>
      <UnkC8>配置式フォグボリューム用設定</UnkC8>
    </Field>
    <Field Def="u8 fogVolumeEnabled = 1">
      <DisplayName>配置式フォグボリューム有効</DisplayName>
      <Enum>ON_OFF</Enum>
      <Description>配置式フォグボリューム有効</Description>
      <EditFlags>None</EditFlags>
      <Maximum>1</Maximum>
      <SortID>900</SortID>
      <UnkC8>配置式フォグボリューム用設定</UnkC8>
    </Field>
    <Field Def="u8 fogVolumeUpScaleType = 1">
      <DisplayName>アップスケール種別</DisplayName>
      <Enum>GRAPHICS_CONFIG_CS_GCONFIG_FOG_VOLUME_UPSCALE_TYPE</Enum>
      <Description>アップスケール時の手法種別</Description>
      <EditFlags>None</EditFlags>
      <Maximum>2</Maximum>
      <SortID>1000</SortID>
      <UnkC8>配置式フォグボリューム用設定</UnkC8>
    </Field>
    <Field Def="u8 fogVolumeEdgeCorrectionLevel = 2">
      <DisplayName>バイラテラル時のみ行われるエッジ補正レベル</DisplayName>
      <Enum>GRAPHICS_CONFIG_CS_GCONFIG_FOG_VOLUME_EDGE_CORRECTION_LEVEL</Enum>
      <Description>バイラテラル時のみ行われるエッジ補正レベル(0:無効,1:1/2x1/2解像度でのエッジ再描画許可,2:1/2x1/2+1x1解像度でパラメータ削減ありのエッジ再描画許可,3:1/2x1/2+1x1解像度でのエッジ再描画許可)</Description>
      <EditFlags>None</EditFlags>
      <Maximum>3</Maximum>
      <SortID>1200</SortID>
      <UnkC8>配置式フォグボリューム用設定</UnkC8>
    </Field>
    <Field Def="s8 fogVolumeRayMarcingSampleCountOffset">
      <DisplayName>レイマーチング時のサンプリング数のオフセット</DisplayName>
      <Description>レイマーチング時のサンプリング数のオフセット</Description>
      <EditFlags>None</EditFlags>
      <Minimum>-127</Minimum>
      <SortID>1300</SortID>
      <UnkC8>配置式フォグボリューム用設定</UnkC8>
    </Field>
    <Field Def="u8 fogVolumeShadowEnabled = 1">
      <DisplayName>シャドウ許可</DisplayName>
      <Enum>ON_OFF</Enum>
      <Description>シャドウ許可(領域に影が落ちる、領域内の密度変化による陰影処理を指す)</Description>
      <EditFlags>None</EditFlags>
      <Maximum>1</Maximum>
      <SortID>1400</SortID>
      <UnkC8>配置式フォグボリューム用設定</UnkC8>
    </Field>
    <Field Def="u8 fogVolumeForceShadowing">
      <DisplayName>シャドウ許可時に設定にかかわらず領域に強制的に影を落とす</DisplayName>
      <Enum>ON_OFF</Enum>
      <Description>シャドウ許可時に設定にかかわらず領域に強制的に影を落とす(陰影処理は影響をうけない)</Description>
      <EditFlags>None</EditFlags>
      <Maximum>1</Maximum>
      <SortID>1500</SortID>
      <UnkC8>配置式フォグボリューム用設定</UnkC8>
    </Field>
    <Field Def="u8 fogVolumeResolution">
      <DisplayName>フォグボリュームのアップスケール処理解像度</DisplayName>
      <Enum>GRAPHICS_CONFIG_CS_GCONFIG_FOG_VOLUME_RESOLUTION</Enum>
      <EditFlags>None</EditFlags>
      <Maximum>2</Maximum>
      <SortID>1100</SortID>
      <UnkC8>配置式フォグボリューム用設定</UnkC8>
    </Field>
    <Field Def="dummy8 pad2[1]">
      <DisplayName>pad</DisplayName>
      <DisplayFormat>%u</DisplayFormat>
      <SortID>9999</SortID>
    </Field>
  </Fields>
</PARAMDEF>