﻿<?xml version="1.0" encoding="utf-8"?>
<PARAMDEF XmlVersion="2">
  <ParamType>GRASS_LOD_RANGE_PARAM_ST</ParamType>
  <DataVersion>1</DataVersion>
  <BigEndian>False</BigEndian>
  <Unicode>True</Unicode>
  <FormatVersion>203</FormatVersion>
  <Fields>
    <Field Def="f32 LOD0_range">
      <DisplayName>LOD0 - 距離</DisplayName>
      <EditFlags>None</EditFlags>
      <Minimum>0</Minimum>
      <Maximum>9999</Maximum>
      <Increment>1</Increment>
      <SortID>1</SortID>
    </Field>
    <Field Def="f32 LOD0_play">
      <DisplayName>LOD0 - 遊び</DisplayName>
      <EditFlags>None</EditFlags>
      <Minimum>0</Minimum>
      <Maximum>9999</Maximum>
      <Increment>1</Increment>
      <SortID>2</SortID>
    </Field>
    <Field Def="f32 LOD1_range">
      <DisplayName>LOD１ - 距離</DisplayName>
      <EditFlags>None</EditFlags>
      <Minimum>0</Minimum>
      <Maximum>9999</Maximum>
      <Increment>1</Increment>
      <SortID>3</SortID>
    </Field>
    <Field Def="f32 LOD1_play">
      <DisplayName>LOD１ - 遊び</DisplayName>
      <EditFlags>None</EditFlags>
      <Minimum>0</Minimum>
      <Maximum>9999</Maximum>
      <Increment>1</Increment>
      <SortID>4</SortID>
    </Field>
    <Field Def="f32 LOD2_range">
      <DisplayName>LOD２ - 距離</DisplayName>
      <EditFlags>None</EditFlags>
      <Minimum>0</Minimum>
      <Maximum>9999</Maximum>
      <Increment>1</Increment>
      <SortID>5</SortID>
    </Field>
    <Field Def="f32 LOD2_play">
      <DisplayName>LOD２ - 遊び</DisplayName>
      <EditFlags>None</EditFlags>
      <Minimum>0</Minimum>
      <Maximum>9999</Maximum>
      <Increment>1</Increment>
      <SortID>6</SortID>
    </Field>
  </Fields>
</PARAMDEF>