﻿<?xml version="1.0" encoding="utf-8"?>
<PARAMDEF XmlVersion="2">
  <ParamType>GRASS_MAP_SETTINGS_PARAM_ST</ParamType>
  <DataVersion>1</DataVersion>
  <BigEndian>False</BigEndian>
  <Unicode>True</Unicode>
  <FormatVersion>106</FormatVersion>
  <Fields>
    <Field Def="u32 grassType0">
      <DisplayName>草の種類０</DisplayName>
      <Maximum>100000000</Maximum>
      <SortID>1</SortID>
    </Field>
    <Field Def="u32 grassType1">
      <DisplayName>草の種類１</DisplayName>
      <Maximum>100000000</Maximum>
      <SortID>2</SortID>
    </Field>
    <Field Def="u32 grassType2">
      <DisplayName>草の種類２</DisplayName>
      <Maximum>100000000</Maximum>
      <SortID>3</SortID>
    </Field>
  </Fields>
</PARAMDEF>