﻿<?xml version="1.0" encoding="utf-8"?>
<PARAMDEF XmlVersion="2">
  <ParamType>HIT_EFFECT_SE_PARAM_ST</ParamType>
  <DataVersion>1</DataVersion>
  <BigEndian>False</BigEndian>
  <Unicode>True</Unicode>
  <FormatVersion>203</FormatVersion>
  <Fields>
    <Field Def="s32 Iron_Slash_S">
      <DisplayName>鉄製：斬撃：小</DisplayName>
      <Description>鉄製：斬撃：小</Description>
      <Minimum>0</Minimum>
      <Maximum>999999999</Maximum>
      <SortID>100</SortID>
    </Field>
    <Field Def="s32 Iron_Slash_L">
      <DisplayName>鉄製：斬撃：大</DisplayName>
      <Description>鉄製：斬撃：大</Description>
      <Minimum>0</Minimum>
      <Maximum>999999999</Maximum>
      <SortID>101</SortID>
    </Field>
    <Field Def="s32 Iron_Slash_LL">
      <DisplayName>鉄製：斬撃：特大</DisplayName>
      <Description>鉄製：斬撃：特大</Description>
      <Minimum>0</Minimum>
      <Maximum>999999999</Maximum>
      <SortID>102</SortID>
    </Field>
    <Field Def="s32 Iron_Thrust_S">
      <DisplayName>鉄製：刺突：小</DisplayName>
      <Description>鉄製：刺突：小</Description>
      <Minimum>0</Minimum>
      <Maximum>999999999</Maximum>
      <SortID>120</SortID>
    </Field>
    <Field Def="s32 Iron_Thrust_L">
      <DisplayName>鉄製：刺突：大</DisplayName>
      <Description>鉄製：刺突：大</Description>
      <Minimum>0</Minimum>
      <Maximum>999999999</Maximum>
      <SortID>121</SortID>
    </Field>
    <Field Def="s32 Iron_Thrust_LL">
      <DisplayName>鉄製：刺突：特大</DisplayName>
      <Description>鉄製：刺突：特大</Description>
      <Minimum>0</Minimum>
      <Maximum>999999999</Maximum>
      <SortID>122</SortID>
    </Field>
    <Field Def="s32 Iron_Blow_S">
      <DisplayName>鉄製：打撃：小</DisplayName>
      <Description>鉄製：打撃：小</Description>
      <Minimum>0</Minimum>
      <Maximum>999999999</Maximum>
      <SortID>110</SortID>
    </Field>
    <Field Def="s32 Iron_Blow_L">
      <DisplayName>鉄製：打撃：大</DisplayName>
      <Description>鉄製：打撃：大</Description>
      <Minimum>0</Minimum>
      <Maximum>999999999</Maximum>
      <SortID>111</SortID>
    </Field>
    <Field Def="s32 Iron_Blow_LL">
      <DisplayName>鉄製：打撃：特大</DisplayName>
      <Description>鉄製：打撃：特大</Description>
      <Minimum>0</Minimum>
      <Maximum>999999999</Maximum>
      <SortID>112</SortID>
    </Field>
    <Field Def="s32 Fire_Slash_S">
      <DisplayName>炎：斬撃：小</DisplayName>
      <Description>炎：斬撃：小</Description>
      <Minimum>0</Minimum>
      <Maximum>999999999</Maximum>
      <SortID>200</SortID>
    </Field>
    <Field Def="s32 Fire_Slash_L">
      <DisplayName>炎：斬撃：大</DisplayName>
      <Description>炎：斬撃：大</Description>
      <Minimum>0</Minimum>
      <Maximum>999999999</Maximum>
      <SortID>201</SortID>
    </Field>
    <Field Def="s32 Fire_Slash_LL">
      <DisplayName>炎：斬撃：特大</DisplayName>
      <Description>炎：斬撃：特大</Description>
      <Minimum>0</Minimum>
      <Maximum>999999999</Maximum>
      <SortID>202</SortID>
    </Field>
    <Field Def="s32 Fire_Thrust_S">
      <DisplayName>炎：刺突：小</DisplayName>
      <Description>炎：刺突：小</Description>
      <Minimum>0</Minimum>
      <Maximum>999999999</Maximum>
      <SortID>220</SortID>
    </Field>
    <Field Def="s32 Fire_Thrust_L">
      <DisplayName>炎：刺突：大</DisplayName>
      <Description>炎：刺突：大</Description>
      <Minimum>0</Minimum>
      <Maximum>999999999</Maximum>
      <SortID>221</SortID>
    </Field>
    <Field Def="s32 Fire_Thrust_LL">
      <DisplayName>炎：刺突：特大</DisplayName>
      <Description>炎：刺突：特大</Description>
      <Minimum>0</Minimum>
      <Maximum>999999999</Maximum>
      <SortID>222</SortID>
    </Field>
    <Field Def="s32 Fire_Blow_S">
      <DisplayName>炎：打撃：小</DisplayName>
      <Description>炎：打撃：小</Description>
      <Minimum>0</Minimum>
      <Maximum>999999999</Maximum>
      <SortID>210</SortID>
    </Field>
    <Field Def="s32 Fire_Blow_L">
      <DisplayName>炎：打撃：大</DisplayName>
      <Description>炎：打撃：大</Description>
      <Minimum>0</Minimum>
      <Maximum>999999999</Maximum>
      <SortID>211</SortID>
    </Field>
    <Field Def="s32 Fire_Blow_LL">
      <DisplayName>炎：打撃：特大</DisplayName>
      <Description>炎：打撃：特大</Description>
      <Minimum>0</Minimum>
      <Maximum>999999999</Maximum>
      <SortID>212</SortID>
    </Field>
    <Field Def="s32 Wood_Slash_S">
      <DisplayName>木製：斬撃：小</DisplayName>
      <Description>木製：斬撃：小</Description>
      <Minimum>0</Minimum>
      <Maximum>999999999</Maximum>
      <SortID>300</SortID>
    </Field>
    <Field Def="s32 Wood_Slash_L">
      <DisplayName>木製：斬撃：大</DisplayName>
      <Description>木製：斬撃：大</Description>
      <Minimum>0</Minimum>
      <Maximum>999999999</Maximum>
      <SortID>301</SortID>
    </Field>
    <Field Def="s32 Wood_Slash_LL">
      <DisplayName>木製：斬撃：特大</DisplayName>
      <Description>木製：斬撃：特大</Description>
      <Minimum>0</Minimum>
      <Maximum>999999999</Maximum>
      <SortID>302</SortID>
    </Field>
    <Field Def="s32 Wood_Thrust_S">
      <DisplayName>木製：刺突：小</DisplayName>
      <Description>木製：刺突：小</Description>
      <Minimum>0</Minimum>
      <Maximum>999999999</Maximum>
      <SortID>320</SortID>
    </Field>
    <Field Def="s32 Wood_Thrust_L">
      <DisplayName>木製：刺突：大</DisplayName>
      <Description>木製：刺突：大</Description>
      <Minimum>0</Minimum>
      <Maximum>999999999</Maximum>
      <SortID>321</SortID>
    </Field>
    <Field Def="s32 Wood_Thrust_LL">
      <DisplayName>木製：刺突：特大</DisplayName>
      <Description>木製：刺突：特大</Description>
      <Minimum>0</Minimum>
      <Maximum>999999999</Maximum>
      <SortID>322</SortID>
    </Field>
    <Field Def="s32 Wood_Blow_S">
      <DisplayName>木製：打撃：小</DisplayName>
      <Description>木製：打撃：小</Description>
      <Minimum>0</Minimum>
      <Maximum>999999999</Maximum>
      <SortID>310</SortID>
    </Field>
    <Field Def="s32 Wood_Blow_L">
      <DisplayName>木製：打撃：大</DisplayName>
      <Description>木製：打撃：大</Description>
      <Minimum>0</Minimum>
      <Maximum>999999999</Maximum>
      <SortID>311</SortID>
    </Field>
    <Field Def="s32 Wood_Blow_LL">
      <DisplayName>木製：打撃：特大</DisplayName>
      <Description>木製：打撃：特大</Description>
      <Minimum>0</Minimum>
      <Maximum>999999999</Maximum>
      <SortID>312</SortID>
    </Field>
    <Field Def="s32 Body_Slash_S">
      <DisplayName>肉：斬撃：小</DisplayName>
      <Description>肉：斬撃：小</Description>
      <Minimum>0</Minimum>
      <Maximum>999999999</Maximum>
      <SortID>400</SortID>
    </Field>
    <Field Def="s32 Body_Slash_L">
      <DisplayName>肉：斬撃：大</DisplayName>
      <Description>肉：斬撃：大</Description>
      <Minimum>0</Minimum>
      <Maximum>999999999</Maximum>
      <SortID>401</SortID>
    </Field>
    <Field Def="s32 Body_Slash_LL">
      <DisplayName>肉：斬撃：特大</DisplayName>
      <Description>肉：斬撃：特大</Description>
      <Minimum>0</Minimum>
      <Maximum>999999999</Maximum>
      <SortID>402</SortID>
    </Field>
    <Field Def="s32 Body_Thrust_S">
      <DisplayName>肉：刺突：小</DisplayName>
      <Description>肉：刺突：小</Description>
      <Minimum>0</Minimum>
      <Maximum>999999999</Maximum>
      <SortID>420</SortID>
    </Field>
    <Field Def="s32 Body_Thrust_L">
      <DisplayName>肉：刺突：大</DisplayName>
      <Description>肉：刺突：大</Description>
      <Minimum>0</Minimum>
      <Maximum>999999999</Maximum>
      <SortID>421</SortID>
    </Field>
    <Field Def="s32 Body_Thrust_LL">
      <DisplayName>肉：刺突：特大</DisplayName>
      <Description>肉：刺突：特大</Description>
      <Minimum>0</Minimum>
      <Maximum>999999999</Maximum>
      <SortID>422</SortID>
    </Field>
    <Field Def="s32 Body_Blow_S">
      <DisplayName>肉：打撃：小</DisplayName>
      <Description>肉：打撃：小</Description>
      <Minimum>0</Minimum>
      <Maximum>999999999</Maximum>
      <SortID>410</SortID>
    </Field>
    <Field Def="s32 Body_Blow_L">
      <DisplayName>肉：打撃：大</DisplayName>
      <Description>肉：打撃：大</Description>
      <Minimum>0</Minimum>
      <Maximum>999999999</Maximum>
      <SortID>411</SortID>
    </Field>
    <Field Def="s32 Body_Blow_LL">
      <DisplayName>肉：打撃：特大</DisplayName>
      <Description>肉：打撃：特大</Description>
      <Minimum>0</Minimum>
      <Maximum>999999999</Maximum>
      <SortID>412</SortID>
    </Field>
    <Field Def="s32 Eclipse_Slash_S">
      <DisplayName>蝕：斬撃：小</DisplayName>
      <Description>蝕：斬撃：小</Description>
      <Minimum>0</Minimum>
      <Maximum>999999999</Maximum>
      <SortID>500</SortID>
    </Field>
    <Field Def="s32 Eclipse_Slash_L">
      <DisplayName>蝕：斬撃：大</DisplayName>
      <Description>蝕：斬撃：大</Description>
      <Minimum>0</Minimum>
      <Maximum>999999999</Maximum>
      <SortID>501</SortID>
    </Field>
    <Field Def="s32 Eclipse_Slash_LL">
      <DisplayName>蝕：斬撃：特大</DisplayName>
      <Description>蝕：斬撃：特大</Description>
      <Minimum>0</Minimum>
      <Maximum>999999999</Maximum>
      <SortID>502</SortID>
    </Field>
    <Field Def="s32 Eclipse_Thrust_S">
      <DisplayName>蝕：刺突：小</DisplayName>
      <Description>蝕：刺突：小</Description>
      <Minimum>0</Minimum>
      <Maximum>999999999</Maximum>
      <SortID>520</SortID>
    </Field>
    <Field Def="s32 Eclipse_Thrust_L">
      <DisplayName>蝕：刺突：大</DisplayName>
      <Description>蝕：刺突：大</Description>
      <Minimum>0</Minimum>
      <Maximum>999999999</Maximum>
      <SortID>521</SortID>
    </Field>
    <Field Def="s32 Eclipse_Thrust_LL">
      <DisplayName>蝕：刺突：特大</DisplayName>
      <Description>蝕：刺突：特大</Description>
      <Minimum>0</Minimum>
      <Maximum>999999999</Maximum>
      <SortID>522</SortID>
    </Field>
    <Field Def="s32 Eclipse_Blow_S">
      <DisplayName>蝕：打撃：小</DisplayName>
      <Description>蝕：打撃：小</Description>
      <Minimum>0</Minimum>
      <Maximum>999999999</Maximum>
      <SortID>510</SortID>
    </Field>
    <Field Def="s32 Eclipse_Blow_L">
      <DisplayName>蝕：打撃：大</DisplayName>
      <Description>蝕：打撃：大</Description>
      <Minimum>0</Minimum>
      <Maximum>999999999</Maximum>
      <SortID>511</SortID>
    </Field>
    <Field Def="s32 Eclipse_Blow_LL">
      <DisplayName>蝕：打撃：特大</DisplayName>
      <Description>蝕：打撃：特大</Description>
      <Minimum>0</Minimum>
      <Maximum>999999999</Maximum>
      <SortID>512</SortID>
    </Field>
    <Field Def="s32 Energy_Slash_S">
      <DisplayName>エネルギー：斬撃：小</DisplayName>
      <Description>エネルギー：斬撃：小</Description>
      <Minimum>0</Minimum>
      <Maximum>999999999</Maximum>
      <SortID>600</SortID>
    </Field>
    <Field Def="s32 Energy_Slash_L">
      <DisplayName>エネルギー：斬撃：大</DisplayName>
      <Description>エネルギー：斬撃：大</Description>
      <Minimum>0</Minimum>
      <Maximum>999999999</Maximum>
      <SortID>601</SortID>
    </Field>
    <Field Def="s32 Energy_Slash_LL">
      <DisplayName>エネルギー：斬撃：特大</DisplayName>
      <Description>エネルギー：斬撃：特大</Description>
      <Minimum>0</Minimum>
      <Maximum>999999999</Maximum>
      <SortID>602</SortID>
    </Field>
    <Field Def="s32 Energy_Thrust_S">
      <DisplayName>エネルギー：刺突：小</DisplayName>
      <Description>エネルギー：刺突：小</Description>
      <Minimum>0</Minimum>
      <Maximum>999999999</Maximum>
      <SortID>620</SortID>
    </Field>
    <Field Def="s32 Energy_Thrust_L">
      <DisplayName>エネルギー：刺突：大</DisplayName>
      <Description>エネルギー：刺突：大</Description>
      <Minimum>0</Minimum>
      <Maximum>999999999</Maximum>
      <SortID>621</SortID>
    </Field>
    <Field Def="s32 Energy_Thrust_LL">
      <DisplayName>エネルギー：刺突：特大</DisplayName>
      <Description>エネルギー：刺突：特大</Description>
      <Minimum>0</Minimum>
      <Maximum>999999999</Maximum>
      <SortID>622</SortID>
    </Field>
    <Field Def="s32 Energy_Blow_S">
      <DisplayName>エネルギー：打撃：小</DisplayName>
      <Description>エネルギー：打撃：小</Description>
      <Minimum>0</Minimum>
      <Maximum>999999999</Maximum>
      <SortID>610</SortID>
    </Field>
    <Field Def="s32 Energy_Blow_L">
      <DisplayName>エネルギー：打撃：大</DisplayName>
      <Description>エネルギー：打撃：大</Description>
      <Minimum>0</Minimum>
      <Maximum>999999999</Maximum>
      <SortID>611</SortID>
    </Field>
    <Field Def="s32 Energy_Blow_LL">
      <DisplayName>エネルギー：打撃：特大</DisplayName>
      <Description>エネルギー：打撃：特大</Description>
      <Minimum>0</Minimum>
      <Maximum>999999999</Maximum>
      <SortID>612</SortID>
    </Field>
    <Field Def="s32 None_Slash_S">
      <DisplayName>なし：斬撃：小</DisplayName>
      <Description>なし：斬撃：小</Description>
      <Minimum>0</Minimum>
      <Maximum>999999999</Maximum>
      <SortID>700</SortID>
    </Field>
    <Field Def="s32 None_Slash_L">
      <DisplayName>なし：斬撃：大</DisplayName>
      <Description>なし：斬撃：大</Description>
      <Minimum>0</Minimum>
      <Maximum>999999999</Maximum>
      <SortID>701</SortID>
    </Field>
    <Field Def="s32 None_Slash_LL">
      <DisplayName>なし：斬撃：特大</DisplayName>
      <Description>なし：斬撃：特大</Description>
      <Minimum>0</Minimum>
      <Maximum>999999999</Maximum>
      <SortID>702</SortID>
    </Field>
    <Field Def="s32 None_Thrust_S">
      <DisplayName>なし：刺突：小</DisplayName>
      <Description>なし：刺突：小</Description>
      <Minimum>0</Minimum>
      <Maximum>999999999</Maximum>
      <SortID>720</SortID>
    </Field>
    <Field Def="s32 None_Thrust_L">
      <DisplayName>なし：刺突：大</DisplayName>
      <Description>なし：刺突：大</Description>
      <Minimum>0</Minimum>
      <Maximum>999999999</Maximum>
      <SortID>721</SortID>
    </Field>
    <Field Def="s32 None_Thrust_LL">
      <DisplayName>なし：刺突：特大</DisplayName>
      <Description>なし：刺突：特大</Description>
      <Minimum>0</Minimum>
      <Maximum>999999999</Maximum>
      <SortID>722</SortID>
    </Field>
    <Field Def="s32 None_Blow_S">
      <DisplayName>なし：打撃：小</DisplayName>
      <Description>なし：打撃：小</Description>
      <Minimum>0</Minimum>
      <Maximum>999999999</Maximum>
      <SortID>710</SortID>
    </Field>
    <Field Def="s32 None_Blow_L">
      <DisplayName>なし：打撃：大</DisplayName>
      <Description>なし：打撃：大</Description>
      <Minimum>0</Minimum>
      <Maximum>999999999</Maximum>
      <SortID>711</SortID>
    </Field>
    <Field Def="s32 None_Blow_LL">
      <DisplayName>なし：打撃：特大</DisplayName>
      <Description>なし：打撃：特大</Description>
      <Minimum>0</Minimum>
      <Maximum>999999999</Maximum>
      <SortID>712</SortID>
    </Field>
    <Field Def="s32 Dmy1_Slash_S">
      <DisplayName>Dmy1：斬撃：小</DisplayName>
      <Description>Dmy1：斬撃：小</Description>
      <Minimum>0</Minimum>
      <Maximum>999999999</Maximum>
      <SortID>800</SortID>
    </Field>
    <Field Def="s32 Dmy1_Slash_L">
      <DisplayName>Dmy1：斬撃：大</DisplayName>
      <Description>Dmy1：斬撃：大</Description>
      <Minimum>0</Minimum>
      <Maximum>999999999</Maximum>
      <SortID>801</SortID>
    </Field>
    <Field Def="s32 Dmy1_Slash_LL">
      <DisplayName>Dmy1：斬撃：特大</DisplayName>
      <Description>Dmy1：斬撃：特大</Description>
      <Minimum>0</Minimum>
      <Maximum>999999999</Maximum>
      <SortID>802</SortID>
    </Field>
    <Field Def="s32 Dmy1_Thrust_S">
      <DisplayName>Dmy1：刺突：小</DisplayName>
      <Description>Dmy1：刺突：小</Description>
      <Minimum>0</Minimum>
      <Maximum>999999999</Maximum>
      <SortID>820</SortID>
    </Field>
    <Field Def="s32 Dmy1_Thrust_L">
      <DisplayName>Dmy1：刺突：大</DisplayName>
      <Description>Dmy1：刺突：大</Description>
      <Minimum>0</Minimum>
      <Maximum>999999999</Maximum>
      <SortID>821</SortID>
    </Field>
    <Field Def="s32 Dmy1_Thrust_LL">
      <DisplayName>Dmy1：刺突：特大</DisplayName>
      <Description>Dmy1：刺突：特大</Description>
      <Minimum>0</Minimum>
      <Maximum>999999999</Maximum>
      <SortID>822</SortID>
    </Field>
    <Field Def="s32 Dmy1_Blow_S">
      <DisplayName>Dmy1：打撃：小</DisplayName>
      <Description>Dmy1：打撃：小</Description>
      <Minimum>0</Minimum>
      <Maximum>999999999</Maximum>
      <SortID>810</SortID>
    </Field>
    <Field Def="s32 Dmy1_Blow_L">
      <DisplayName>Dmy1：打撃：大</DisplayName>
      <Description>Dmy1：打撃：大</Description>
      <Minimum>0</Minimum>
      <Maximum>999999999</Maximum>
      <SortID>811</SortID>
    </Field>
    <Field Def="s32 Dmy1_Blow_LL">
      <DisplayName>Dmy1：打撃：特大</DisplayName>
      <Description>Dmy1：打撃：特大</Description>
      <Minimum>0</Minimum>
      <Maximum>999999999</Maximum>
      <SortID>812</SortID>
    </Field>
    <Field Def="s32 Dmy2_Slash_S">
      <DisplayName>Dmy2：斬撃：小</DisplayName>
      <Description>Dmy2：斬撃：小</Description>
      <Minimum>0</Minimum>
      <Maximum>999999999</Maximum>
      <SortID>900</SortID>
    </Field>
    <Field Def="s32 Dmy2_Slash_L">
      <DisplayName>Dmy2：斬撃：大</DisplayName>
      <Description>Dmy2：斬撃：大</Description>
      <Minimum>0</Minimum>
      <Maximum>999999999</Maximum>
      <SortID>901</SortID>
    </Field>
    <Field Def="s32 Dmy2_Slash_LL">
      <DisplayName>Dmy2：斬撃：特大</DisplayName>
      <Description>Dmy2：斬撃：特大</Description>
      <Minimum>0</Minimum>
      <Maximum>999999999</Maximum>
      <SortID>902</SortID>
    </Field>
    <Field Def="s32 Dmy2_Thrust_S">
      <DisplayName>Dmy2：刺突：小</DisplayName>
      <Description>Dmy2：刺突：小</Description>
      <Minimum>0</Minimum>
      <Maximum>999999999</Maximum>
      <SortID>920</SortID>
    </Field>
    <Field Def="s32 Dmy2_Thrust_L">
      <DisplayName>Dmy2：刺突：大</DisplayName>
      <Description>Dmy2：刺突：大</Description>
      <Minimum>0</Minimum>
      <Maximum>999999999</Maximum>
      <SortID>921</SortID>
    </Field>
    <Field Def="s32 Dmy2_Thrust_LL">
      <DisplayName>Dmy2：刺突：特大</DisplayName>
      <Description>Dmy2：刺突：特大</Description>
      <Minimum>0</Minimum>
      <Maximum>999999999</Maximum>
      <SortID>922</SortID>
    </Field>
    <Field Def="s32 Dmy2_Blow_S">
      <DisplayName>Dmy2：打撃：小</DisplayName>
      <Description>Dmy2：打撃：小</Description>
      <Minimum>0</Minimum>
      <Maximum>999999999</Maximum>
      <SortID>910</SortID>
    </Field>
    <Field Def="s32 Dmy2_Blow_L">
      <DisplayName>Dmy2：打撃：大</DisplayName>
      <Description>Dmy2：打撃：大</Description>
      <Minimum>0</Minimum>
      <Maximum>999999999</Maximum>
      <SortID>911</SortID>
    </Field>
    <Field Def="s32 Dmy2_Blow_LL">
      <DisplayName>Dmy2：打撃：特大</DisplayName>
      <Description>Dmy2：打撃：特大</Description>
      <Minimum>0</Minimum>
      <Maximum>999999999</Maximum>
      <SortID>912</SortID>
    </Field>
    <Field Def="s32 Dmy3_Slash_S">
      <DisplayName>Dmy3：斬撃：小</DisplayName>
      <Description>Dmy3：斬撃：小</Description>
      <Minimum>0</Minimum>
      <Maximum>999999999</Maximum>
      <SortID>1000</SortID>
    </Field>
    <Field Def="s32 Dmy3_Slash_L">
      <DisplayName>Dmy3：斬撃：大</DisplayName>
      <Description>Dmy3：斬撃：大</Description>
      <Minimum>0</Minimum>
      <Maximum>999999999</Maximum>
      <SortID>1001</SortID>
    </Field>
    <Field Def="s32 Dmy3_Slash_LL">
      <DisplayName>Dmy3：斬撃：特大</DisplayName>
      <Description>Dmy3：斬撃：特大</Description>
      <Minimum>0</Minimum>
      <Maximum>999999999</Maximum>
      <SortID>1002</SortID>
    </Field>
    <Field Def="s32 Dmy3_Thrust_S">
      <DisplayName>Dmy3：刺突：小</DisplayName>
      <Description>Dmy3：刺突：小</Description>
      <Minimum>0</Minimum>
      <Maximum>999999999</Maximum>
      <SortID>1020</SortID>
    </Field>
    <Field Def="s32 Dmy3_Thrust_L">
      <DisplayName>Dmy3：刺突：大</DisplayName>
      <Description>Dmy3：刺突：大</Description>
      <Minimum>0</Minimum>
      <Maximum>999999999</Maximum>
      <SortID>1021</SortID>
    </Field>
    <Field Def="s32 Dmy3_Thrust_LL">
      <DisplayName>Dmy3：刺突：特大</DisplayName>
      <Description>Dmy3：刺突：特大</Description>
      <Minimum>0</Minimum>
      <Maximum>999999999</Maximum>
      <SortID>1022</SortID>
    </Field>
    <Field Def="s32 Dmy3_Blow_S">
      <DisplayName>Dmy3：打撃：小</DisplayName>
      <Description>Dmy3：打撃：小</Description>
      <Minimum>0</Minimum>
      <Maximum>999999999</Maximum>
      <SortID>1010</SortID>
    </Field>
    <Field Def="s32 Dmy3_Blow_L">
      <DisplayName>Dmy3：打撃：大</DisplayName>
      <Description>Dmy3：打撃：大</Description>
      <Minimum>0</Minimum>
      <Maximum>999999999</Maximum>
      <SortID>1011</SortID>
    </Field>
    <Field Def="s32 Dmy3_Blow_LL">
      <DisplayName>Dmy3：打撃：特大</DisplayName>
      <Description>Dmy3：打撃：特大</Description>
      <Minimum>0</Minimum>
      <Maximum>999999999</Maximum>
      <SortID>1012</SortID>
    </Field>
    <Field Def="s32 Maggot_Slash_S">
      <DisplayName>うじ：斬撃：小</DisplayName>
      <Description>うじ：斬撃：小</Description>
      <Minimum>0</Minimum>
      <Maximum>999999999</Maximum>
      <SortID>1100</SortID>
    </Field>
    <Field Def="s32 Maggot_Slash_L">
      <DisplayName>うじ：斬撃：大</DisplayName>
      <Description>うじ：斬撃：大</Description>
      <Minimum>0</Minimum>
      <Maximum>999999999</Maximum>
      <SortID>1101</SortID>
    </Field>
    <Field Def="s32 Maggot_Slash_LL">
      <DisplayName>うじ：斬撃：特大</DisplayName>
      <Description>うじ：斬撃：特大</Description>
      <Minimum>0</Minimum>
      <Maximum>999999999</Maximum>
      <SortID>1102</SortID>
    </Field>
    <Field Def="s32 Maggot_Thrust_S">
      <DisplayName>うじ：刺突：小</DisplayName>
      <Description>うじ：刺突：小</Description>
      <Minimum>0</Minimum>
      <Maximum>999999999</Maximum>
      <SortID>1120</SortID>
    </Field>
    <Field Def="s32 Maggot_Thrust_L">
      <DisplayName>うじ：刺突：大</DisplayName>
      <Description>うじ：刺突：大</Description>
      <Minimum>0</Minimum>
      <Maximum>999999999</Maximum>
      <SortID>1121</SortID>
    </Field>
    <Field Def="s32 Maggot_Thrust_LL">
      <DisplayName>うじ：刺突：特大</DisplayName>
      <Description>うじ：刺突：特大</Description>
      <Minimum>0</Minimum>
      <Maximum>999999999</Maximum>
      <SortID>1122</SortID>
    </Field>
    <Field Def="s32 Maggot_Blow_S">
      <DisplayName>うじ：打撃：小</DisplayName>
      <Description>うじ：打撃：小</Description>
      <Minimum>0</Minimum>
      <Maximum>999999999</Maximum>
      <SortID>1110</SortID>
    </Field>
    <Field Def="s32 Maggot_Blow_L">
      <DisplayName>うじ：打撃：大</DisplayName>
      <Description>うじ：打撃：大</Description>
      <Minimum>0</Minimum>
      <Maximum>999999999</Maximum>
      <SortID>1111</SortID>
    </Field>
    <Field Def="s32 Maggot_Blow_LL">
      <DisplayName>うじ：打撃：特大</DisplayName>
      <Description>うじ：打撃：特大</Description>
      <Minimum>0</Minimum>
      <Maximum>999999999</Maximum>
      <SortID>1112</SortID>
    </Field>
    <Field Def="s32 Wax_Slash_S">
      <DisplayName>蝋：斬撃：小</DisplayName>
      <Description>蝋：斬撃：小</Description>
      <Minimum>0</Minimum>
      <Maximum>999999999</Maximum>
      <SortID>1200</SortID>
    </Field>
    <Field Def="s32 Wax_Slash_L">
      <DisplayName>蝋：斬撃：大</DisplayName>
      <Description>蝋：斬撃：大</Description>
      <Minimum>0</Minimum>
      <Maximum>999999999</Maximum>
      <SortID>1201</SortID>
    </Field>
    <Field Def="s32 Wax_Slash_LL">
      <DisplayName>蝋：斬撃：特大</DisplayName>
      <Description>蝋：斬撃：特大</Description>
      <Minimum>0</Minimum>
      <Maximum>999999999</Maximum>
      <SortID>1202</SortID>
    </Field>
    <Field Def="s32 Wax_Thrust_S">
      <DisplayName>蝋：刺突：小</DisplayName>
      <Description>蝋：刺突：小</Description>
      <Minimum>0</Minimum>
      <Maximum>999999999</Maximum>
      <SortID>1220</SortID>
    </Field>
    <Field Def="s32 Wax_Thrust_L">
      <DisplayName>蝋：刺突：大</DisplayName>
      <Description>蝋：刺突：大</Description>
      <Minimum>0</Minimum>
      <Maximum>999999999</Maximum>
      <SortID>1221</SortID>
    </Field>
    <Field Def="s32 Wax_Thrust_LL">
      <DisplayName>蝋：刺突：特大</DisplayName>
      <Description>蝋：刺突：特大</Description>
      <Minimum>0</Minimum>
      <Maximum>999999999</Maximum>
      <SortID>1222</SortID>
    </Field>
    <Field Def="s32 Wax_Blow_S">
      <DisplayName>蝋：打撃：小</DisplayName>
      <Description>蝋：打撃：小</Description>
      <Minimum>0</Minimum>
      <Maximum>999999999</Maximum>
      <SortID>1210</SortID>
    </Field>
    <Field Def="s32 Wax_Blow_L">
      <DisplayName>蝋：打撃：大</DisplayName>
      <Description>蝋：打撃：大</Description>
      <Minimum>0</Minimum>
      <Maximum>999999999</Maximum>
      <SortID>1211</SortID>
    </Field>
    <Field Def="s32 Wax_Blow_LL">
      <DisplayName>蝋：打撃：特大</DisplayName>
      <Description>蝋：打撃：特大</Description>
      <Minimum>0</Minimum>
      <Maximum>999999999</Maximum>
      <SortID>1212</SortID>
    </Field>
    <Field Def="s32 FireFlame_Slash_S">
      <DisplayName>炎上：斬撃：小</DisplayName>
      <Description>炎上：斬撃：小</Description>
      <Minimum>0</Minimum>
      <Maximum>999999999</Maximum>
      <SortID>1300</SortID>
    </Field>
    <Field Def="s32 FireFlame_Slash_L">
      <DisplayName>炎上：斬撃：大</DisplayName>
      <Description>炎上：斬撃：大</Description>
      <Minimum>0</Minimum>
      <Maximum>999999999</Maximum>
      <SortID>1301</SortID>
    </Field>
    <Field Def="s32 FireFlame_Slash_LL">
      <DisplayName>炎上：斬撃：特大</DisplayName>
      <Description>炎上：斬撃：特大</Description>
      <Minimum>0</Minimum>
      <Maximum>999999999</Maximum>
      <SortID>1302</SortID>
    </Field>
    <Field Def="s32 FireFlame_Thrust_S">
      <DisplayName>炎上：刺突：小</DisplayName>
      <Description>炎上：刺突：小</Description>
      <Minimum>0</Minimum>
      <Maximum>999999999</Maximum>
      <SortID>1320</SortID>
    </Field>
    <Field Def="s32 FireFlame_Thrust_L">
      <DisplayName>炎上：刺突：大</DisplayName>
      <Description>炎上：刺突：大</Description>
      <Minimum>0</Minimum>
      <Maximum>999999999</Maximum>
      <SortID>1321</SortID>
    </Field>
    <Field Def="s32 FireFlame_Thrust_LL">
      <DisplayName>炎上：刺突：特大</DisplayName>
      <Description>炎上：刺突：特大</Description>
      <Minimum>0</Minimum>
      <Maximum>999999999</Maximum>
      <SortID>1322</SortID>
    </Field>
    <Field Def="s32 FireFlame_Blow_S">
      <DisplayName>炎上：打撃：小</DisplayName>
      <Description>炎上：打撃：小</Description>
      <Minimum>0</Minimum>
      <Maximum>999999999</Maximum>
      <SortID>1310</SortID>
    </Field>
    <Field Def="s32 FireFlame_Blow_L">
      <DisplayName>炎上：打撃：大</DisplayName>
      <Description>炎上：打撃：大</Description>
      <Minimum>0</Minimum>
      <Maximum>999999999</Maximum>
      <SortID>1311</SortID>
    </Field>
    <Field Def="s32 FireFlame_Blow_LL">
      <DisplayName>炎上：打撃：特大</DisplayName>
      <Description>炎上：打撃：特大</Description>
      <Minimum>0</Minimum>
      <Maximum>999999999</Maximum>
      <SortID>1312</SortID>
    </Field>
    <Field Def="s32 EclipseGas_Slash_S">
      <DisplayName>蝕：気体：斬撃：小</DisplayName>
      <Description>蝕：気体：斬撃：小</Description>
      <Minimum>0</Minimum>
      <Maximum>999999999</Maximum>
      <SortID>1500</SortID>
    </Field>
    <Field Def="s32 EclipseGas_Slash_L">
      <DisplayName>蝕：気体：斬撃：大</DisplayName>
      <Description>蝕：気体：斬撃：大</Description>
      <Minimum>0</Minimum>
      <Maximum>999999999</Maximum>
      <SortID>1501</SortID>
    </Field>
    <Field Def="s32 EclipseGas_Slash_LL">
      <DisplayName>蝕：気体：斬撃：特大</DisplayName>
      <Description>蝕：気体：斬撃：特大</Description>
      <Minimum>0</Minimum>
      <Maximum>999999999</Maximum>
      <SortID>1502</SortID>
    </Field>
    <Field Def="s32 EclipseGas_Thrust_S">
      <DisplayName>蝕：気体：刺突：小</DisplayName>
      <Description>蝕：気体：刺突：小</Description>
      <Minimum>0</Minimum>
      <Maximum>999999999</Maximum>
      <SortID>1520</SortID>
    </Field>
    <Field Def="s32 EclipseGas_Thrust_L">
      <DisplayName>蝕：気体：刺突：大</DisplayName>
      <Description>蝕：気体：刺突：大</Description>
      <Minimum>0</Minimum>
      <Maximum>999999999</Maximum>
      <SortID>1521</SortID>
    </Field>
    <Field Def="s32 EclipseGas_Thrust_LL">
      <DisplayName>蝕：気体：刺突：特大</DisplayName>
      <Description>蝕：気体：刺突：特大</Description>
      <Minimum>0</Minimum>
      <Maximum>999999999</Maximum>
      <SortID>1522</SortID>
    </Field>
    <Field Def="s32 EclipseGas_Blow_S">
      <DisplayName>蝕：気体：打撃：小</DisplayName>
      <Description>蝕：気体：打撃：小</Description>
      <Minimum>0</Minimum>
      <Maximum>999999999</Maximum>
      <SortID>1510</SortID>
    </Field>
    <Field Def="s32 EclipseGas_Blow_L">
      <DisplayName>蝕：気体：打撃：大</DisplayName>
      <Description>蝕：気体：打撃：大</Description>
      <Minimum>0</Minimum>
      <Maximum>999999999</Maximum>
      <SortID>1511</SortID>
    </Field>
    <Field Def="s32 EclipseGas_Blow_LL">
      <DisplayName>蝕：気体：打撃：特大</DisplayName>
      <Description>蝕：気体：打撃：特大</Description>
      <Minimum>0</Minimum>
      <Maximum>999999999</Maximum>
      <SortID>1512</SortID>
    </Field>
    <Field Def="s32 EnergyStrong_Slash_S">
      <DisplayName>エネルギー（強）：斬撃：小</DisplayName>
      <Description>エネルギー（強）：斬撃：小</Description>
      <Minimum>0</Minimum>
      <Maximum>999999999</Maximum>
      <SortID>1600</SortID>
    </Field>
    <Field Def="s32 EnergyStrong_Slash_L">
      <DisplayName>エネルギー（強）：斬撃：大</DisplayName>
      <Description>エネルギー（強）：斬撃：大</Description>
      <Minimum>0</Minimum>
      <Maximum>999999999</Maximum>
      <SortID>1601</SortID>
    </Field>
    <Field Def="s32 EnergyStrong_Slash_LL">
      <DisplayName>エネルギー（強）：斬撃：特大</DisplayName>
      <Description>エネルギー（強）：斬撃：特大</Description>
      <Minimum>0</Minimum>
      <Maximum>999999999</Maximum>
      <SortID>1602</SortID>
    </Field>
    <Field Def="s32 EnergyStrong_Thrust_S">
      <DisplayName>エネルギー（強）：刺突：小</DisplayName>
      <Description>エネルギー（強）：刺突：小</Description>
      <Minimum>0</Minimum>
      <Maximum>999999999</Maximum>
      <SortID>1620</SortID>
    </Field>
    <Field Def="s32 EnergyStrong_Thrust_L">
      <DisplayName>エネルギー（強）：刺突：大</DisplayName>
      <Description>エネルギー（強）：刺突：大</Description>
      <Minimum>0</Minimum>
      <Maximum>999999999</Maximum>
      <SortID>1621</SortID>
    </Field>
    <Field Def="s32 EnergyStrong_Thrust_LL">
      <DisplayName>エネルギー（強）：刺突：特大</DisplayName>
      <Description>エネルギー（強）：刺突：特大</Description>
      <Minimum>0</Minimum>
      <Maximum>999999999</Maximum>
      <SortID>1622</SortID>
    </Field>
    <Field Def="s32 EnergyStrong_Blow_S">
      <DisplayName>エネルギー（強）：打撃：小</DisplayName>
      <Description>エネルギー（強）：打撃：小</Description>
      <Minimum>0</Minimum>
      <Maximum>999999999</Maximum>
      <SortID>1610</SortID>
    </Field>
    <Field Def="s32 EnergyStrong_Blow_L">
      <DisplayName>エネルギー（強）：打撃：大</DisplayName>
      <Description>エネルギー（強）：打撃：大</Description>
      <Minimum>0</Minimum>
      <Maximum>999999999</Maximum>
      <SortID>1611</SortID>
    </Field>
    <Field Def="s32 EnergyStrong_Blow_LL">
      <DisplayName>エネルギー（強）：打撃：特大</DisplayName>
      <Description>エネルギー（強）：打撃：特大</Description>
      <Minimum>0</Minimum>
      <Maximum>999999999</Maximum>
      <SortID>1612</SortID>
    </Field>
    <Field Def="dummy8 reserve[100]">
      <DisplayName>予約領域</DisplayName>
      <Description>予約領域</Description>
      <SortID>1623</SortID>
    </Field>
  </Fields>
</PARAMDEF>