﻿<?xml version="1.0" encoding="utf-8"?>
<PARAMDEF XmlVersion="2">
  <ParamType>LEGACY_DISTANT_VIEW_PARTS_REPLACE_PARAM</ParamType>
  <DataVersion>4</DataVersion>
  <BigEndian>False</BigEndian>
  <Unicode>True</Unicode>
  <FormatVersion>203</FormatVersion>
  <Fields>
    <Field Def="s32 TargetMapId = -1">
      <DisplayName>マップID</DisplayName>
      <Description>対象のマップIDを指定します。レガシーのみ。(m12_34_56_78→12345678) 。当初レガシーのみでしたがオープンの天球マップも対応しました</Description>
      <EditFlags>None</EditFlags>
      <Minimum>-1</Minimum>
      <Maximum>99999999</Maximum>
    </Field>
    <Field Def="u32 TargetEventId">
      <DisplayName>天変地異イベントID</DisplayName>
      <Description>「300、310、311、312」の中から、対象天変地異イベントIDを入力した場合は【天変地異差し替えデータ】となります。0or空白の場合は【地方IDの切り替えデータ】となります(SEQ16039)</Description>
      <EditFlags>None</EditFlags>
      <Maximum>999</Maximum>
      <SortID>100</SortID>
    </Field>
    <Field Def="s32 SrcAssetId = -1">
      <DisplayName>差し替え元アセットID</DisplayName>
      <Description>差し替え元AssetId：AEG123_456_9999→123456</Description>
      <EditFlags>None</EditFlags>
      <Minimum>-1</Minimum>
      <Maximum>999999</Maximum>
      <SortID>200</SortID>
    </Field>
    <Field Def="s32 SrcAssetPartsNo = -1">
      <DisplayName>差し替え元アセットパーツID</DisplayName>
      <Description>差し替え元PartsNo：AEG123_456_9999→9999</Description>
      <EditFlags>None</EditFlags>
      <Minimum>-1</Minimum>
      <Maximum>99999</Maximum>
      <SortID>300</SortID>
    </Field>
    <Field Def="s32 DstAssetId = -1">
      <DisplayName>差し替え先アセットID</DisplayName>
      <Description>差し替え先AssetId：AEG123_456_9999→123456</Description>
      <EditFlags>None</EditFlags>
      <Minimum>-1</Minimum>
      <Maximum>999999</Maximum>
      <SortID>400</SortID>
    </Field>
    <Field Def="s32 DstAssetPartsNo = -1">
      <DisplayName>差し替え先アセットパーツID</DisplayName>
      <Description>差し替え先PartsNo：AEG123_456_9999→9999</Description>
      <EditFlags>None</EditFlags>
      <Minimum>-1</Minimum>
      <Maximum>99999</Maximum>
      <SortID>500</SortID>
    </Field>
    <Field Def="s32 SrcAssetIdRangeMin = -1">
      <DisplayName>差し替え元アセットID範囲指定Min</DisplayName>
      <Description>差し替え元アセットID範囲指定Min</Description>
      <EditFlags>None</EditFlags>
      <Minimum>-1</Minimum>
      <Maximum>999999</Maximum>
      <SortID>600</SortID>
    </Field>
    <Field Def="s32 SrcAssetIdRangeMax = -1">
      <DisplayName>差し替え元アセットID範囲指定Max</DisplayName>
      <Description>差し替え元アセットID範囲指定Max</Description>
      <EditFlags>None</EditFlags>
      <Minimum>-1</Minimum>
      <Maximum>999999</Maximum>
      <SortID>700</SortID>
    </Field>
    <Field Def="s32 DstAssetIdRangeMin = -1">
      <DisplayName>差し替え先アセットID範囲指定Min</DisplayName>
      <Description>差し替え先アセットID範囲指定Min</Description>
      <EditFlags>None</EditFlags>
      <Minimum>-1</Minimum>
      <Maximum>999999</Maximum>
      <SortID>800</SortID>
    </Field>
    <Field Def="s32 DstAssetIdRangeMax = -1">
      <DisplayName>差し替え先アセットID範囲指定Max</DisplayName>
      <Description>差し替え先アセットID範囲指定Max</Description>
      <EditFlags>None</EditFlags>
      <Minimum>-1</Minimum>
      <Maximum>999999</Maximum>
      <SortID>900</SortID>
    </Field>
    <Field Def="s8 LimitedMapRegionId0 = -1">
      <DisplayName>地方ID制限0</DisplayName>
      <Description>MapGD地方IDの制限0：「天変地異イベントID」が0の時だけ有効。設定したMapGD地方IDでのみパーツが有効になります(SEQ16039)</Description>
      <EditFlags>None</EditFlags>
      <Minimum>-1</Minimum>
      <Maximum>99</Maximum>
      <SortID>1000</SortID>
    </Field>
    <Field Def="s8 LimitedMapRegionId1 = -1">
      <DisplayName>地方ID制限1</DisplayName>
      <Description>MapGD地方IDの制限1：「天変地異イベントID」が0の時だけ有効。設定したMapGD地方IDでのみパーツが有効になります(SEQ16039)</Description>
      <EditFlags>None</EditFlags>
      <Minimum>-1</Minimum>
      <Maximum>99</Maximum>
      <SortID>1001</SortID>
    </Field>
    <Field Def="s8 LimitedMapRegionId2 = -1">
      <DisplayName>地方ID制限2</DisplayName>
      <Description>MapGD地方IDの制限2：「天変地異イベントID」が0の時だけ有効。設定したMapGD地方IDでのみパーツが有効になります(SEQ16039)</Description>
      <EditFlags>None</EditFlags>
      <Minimum>-1</Minimum>
      <Maximum>99</Maximum>
      <SortID>1002</SortID>
    </Field>
    <Field Def="s8 LimitedMapRegionId3 = -1">
      <DisplayName>地方ID制限3</DisplayName>
      <Description>MapGD地方IDの制限3：「天変地異イベントID」が0の時だけ有効。設定したMapGD地方IDでのみパーツが有効になります(SEQ16039)</Description>
      <EditFlags>None</EditFlags>
      <Minimum>-1</Minimum>
      <Maximum>99</Maximum>
      <SortID>1003</SortID>
    </Field>
    <Field Def="dummy8 reserve[4]">
      <DisplayName>予約</DisplayName>
      <Description>予約</Description>
      <DisplayFormat>%d</DisplayFormat>
      <SortID>9999</SortID>
    </Field>
    <Field Def="s32 LimitedMapRegionAssetId = -1">
      <DisplayName>地方制限アセットID</DisplayName>
      <Description>MapGD地方IDで有効なアセット指定：AssetId：AEG123_456_9999→123456</Description>
      <EditFlags>None</EditFlags>
      <Minimum>-1</Minimum>
      <Maximum>999999</Maximum>
      <SortID>1100</SortID>
    </Field>
    <Field Def="s32 LimitedMapRegioAssetPartsNo = -1">
      <DisplayName>地方制限アセットパーツID</DisplayName>
      <Description>MapGD地方IDで有効なアセット指定：PartsNo：AEG123_456_9999→9999</Description>
      <EditFlags>None</EditFlags>
      <Minimum>-1</Minimum>
      <Maximum>99999</Maximum>
      <SortID>1101</SortID>
    </Field>
    <Field Def="s32 LimitedMapRegioAssetIdRangeMin = -1">
      <DisplayName>地方制限アセットID範囲指定Min</DisplayName>
      <Description>MapGD地方IDで有効なアセット指定：アセットID範囲指定Min</Description>
      <EditFlags>None</EditFlags>
      <Minimum>-1</Minimum>
      <Maximum>999999</Maximum>
      <SortID>1200</SortID>
    </Field>
    <Field Def="s32 LimitedMapRegioAssetIdRangeMax = -1">
      <DisplayName>地方制限アセットID範囲指定Max</DisplayName>
      <Description>MapGD地方IDで有効なアセット指定：アセットID範囲指定Max</Description>
      <EditFlags>None</EditFlags>
      <Minimum>-1</Minimum>
      <Maximum>999999</Maximum>
      <SortID>1201</SortID>
    </Field>
  </Fields>
</PARAMDEF>