﻿<?xml version="1.0" encoding="utf-8"?>
<PARAMDEF XmlVersion="2">
  <ParamType>MAP_GRID_CREATE_HEIGHT_LIMIT_DETAIL_INFO_PARAM_ST</ParamType>
  <DataVersion>1</DataVersion>
  <BigEndian>False</BigEndian>
  <Unicode>True</Unicode>
  <FormatVersion>203</FormatVersion>
  <Fields>
    <Field Def="s32 mapId" />
    <Field Def="s32 unknown_0x4" />
    <Field Def="s32 unknown_0x8" />
    <Field Def="s32 unknown_0xc" />
    <Field Def="s32 unknown_0x10" />
    <Field Def="s32 unknown_0x14" />
    <Field Def="s32 unknown_0x18" />
    <Field Def="s32 unknown_0x1c" />
    <Field Def="s32 unknown_0x20" />
    <Field Def="s32 unknown_0x24" />
    <Field Def="s32 unknown_0x28" />
    <Field Def="u8 unknown_0x2c" />
    <Field Def="u8 unknown_0x2d" />
    <Field Def="u8 unknown_0x2e" />
    <Field Def="u8 unknown_0x2f" />
    <Field Def="u8 unknown_0x30" />
    <Field Def="u8 unknown_0x31" />
    <Field Def="u16 unknown_0x32" />
    <Field Def="s32 unknown_0x34" />
    <Field Def="s32 unknown_0x38" />
    <Field Def="s32 unknown_0x3c" />

  </Fields>
</PARAMDEF>