﻿<?xml version="1.0" encoding="utf-8"?>
<PARAMDEF XmlVersion="2">
  <ParamType>MULTI_PLAY_CORRECTION_PARAM_ST</ParamType>
  <DataVersion>3</DataVersion>
  <BigEndian>False</BigEndian>
  <Unicode>True</Unicode>
  <FormatVersion>203</FormatVersion>
  <Fields>
    <Field Def="u8 disableParam_NT:1">
      <DisplayName>NT版出力から外すか</DisplayName>
      <Enum>BOOL_CIRCLECROSS_TYPE</Enum>
      <Description>○をつけたパラメータをNT版パッケージでは除外します</Description>
      <EditFlags>None</EditFlags>
      <Maximum>1</Maximum>
    </Field>
    <Field Def="dummy8 disableParamReserve1:7">
      <DisplayName>パッケージ出力用リザーブ1</DisplayName>
      <Description>パッケージ出力用リザーブ1</Description>
      <DisplayFormat>%d</DisplayFormat>
      <SortID>201</SortID>
    </Field>
    <Field Def="dummy8 disableParamReserve2[3]">
      <DisplayName>パッケージ出力用リザーブ2</DisplayName>
      <Description>パッケージ出力用リザーブ2</Description>
      <DisplayFormat>%d</DisplayFormat>
      <SortID>202</SortID>
    </Field>
    <Field Def="s32 client1SpEffectId = -1">
      <DisplayName>協力クライアント1名特殊効果ID</DisplayName>
      <Description>協力クライアント1名特殊効果ID</Description>
      <Minimum>-1</Minimum>
      <Maximum>999999999</Maximum>
      <SortID>100</SortID>
    </Field>
    <Field Def="s32 client2SpEffectId = -1">
      <DisplayName>協力クライアント2名特殊効果ID</DisplayName>
      <Description>協力クライアント2名特殊効果ID</Description>
      <Minimum>-1</Minimum>
      <Maximum>999999999</Maximum>
      <SortID>110</SortID>
    </Field>
    <Field Def="s32 client3SpEffectId = -1">
      <DisplayName>協力クライアント3名特殊効果ID</DisplayName>
      <Description>協力クライアント3名特殊効果ID</Description>
      <Minimum>-1</Minimum>
      <Maximum>999999999</Maximum>
      <SortID>120</SortID>
    </Field>
    <Field Def="u8 bOverrideSpEffect">
      <DisplayName>協力人数変動時に上書きするか</DisplayName>
      <Enum>MULTI_PLAY_CORRECTION_OVERRIDE_TYPE</Enum>
      <Description>協力人数変動時に上書きするか</Description>
      <Minimum>-1</Minimum>
      <SortID>200</SortID>
    </Field>
    <Field Def="dummy8 pad3[15]">
      <DisplayName>pad</DisplayName>
      <Description>pad</Description>
      <SortID>203</SortID>
    </Field>
  </Fields>
</PARAMDEF>