﻿<?xml version="1.0" encoding="utf-8"?>
<PARAMDEF XmlVersion="2">
  <ParamType>MULTI_ESTUS_FLASK_BONUS_PARAM_ST</ParamType>
  <DataVersion>3</DataVersion>
  <BigEndian>False</BigEndian>
  <Unicode>True</Unicode>
  <FormatVersion>203</FormatVersion>
  <Fields>
    <Field Def="u8 host">
      <DisplayName>ホスト</DisplayName>
      <Description>ホストのエスト回復数</Description>
      <SortID>1000</SortID>
    </Field>
    <Field Def="u8 WhiteGhost_None">
      <DisplayName>白サイン</DisplayName>
      <Description>協力サインの白霊のエスト回復数</Description>
      <SortID>2000</SortID>
    </Field>
    <Field Def="u8 WhiteGhost_Umbasa">
      <DisplayName>金霊（太陽）</DisplayName>
      <Description>協力サインの金霊のエスト回復数</Description>
      <SortID>2100</SortID>
    </Field>
    <Field Def="u8 WhiteGhost_Berserker">
      <DisplayName>白バーサーカー</DisplayName>
      <Description>協力サインの白バーサーカーのエスト回復数</Description>
      <SortID>2200</SortID>
    </Field>
    <Field Def="u8 BlackGhost_None_Sign">
      <DisplayName>赤サイン</DisplayName>
      <Description>敵対サインの赤霊のエスト回復数</Description>
      <SortID>3000</SortID>
    </Field>
    <Field Def="u8 BlackGhost_Umbasa_Sign">
      <DisplayName>赤金霊（サイン）</DisplayName>
      <Description>敵対サインの赤金霊のエスト回復数</Description>
      <SortID>3100</SortID>
    </Field>
    <Field Def="u8 BlackGhost_Berserker_Sign">
      <DisplayName>赤バーサーカー（サイン）</DisplayName>
      <Description>敵対サインの赤バーサーカーのエスト回復数</Description>
      <SortID>3200</SortID>
    </Field>
    <Field Def="u8 BlackGhost_None_Invade">
      <DisplayName>侵入</DisplayName>
      <Description>侵入のエスト回復数</Description>
      <SortID>4000</SortID>
    </Field>
    <Field Def="u8 BlackGhost_Umbasa_Invade">
      <DisplayName>赤金霊（侵入）</DisplayName>
      <Description>侵入オーブの赤金霊のエスト回復数</Description>
      <SortID>4500</SortID>
    </Field>
    <Field Def="u8 BlackGhost_Berserker_Invade">
      <DisplayName>赤バーサーカー（侵入）</DisplayName>
      <Description>侵入オーブの赤バーサーカーのエスト回復数</Description>
      <SortID>4600</SortID>
    </Field>
    <Field Def="u8 RedHunter1">
      <DisplayName>救援ゲスト</DisplayName>
      <Description>救援ゲストのエスト回復数</Description>
      <SortID>5000</SortID>
    </Field>
    <Field Def="u8 RedHunter2">
      <DisplayName>赤狩り霊２</DisplayName>
      <Description>赤狩り霊２のエスト回復数</Description>
      <SortID>5100</SortID>
    </Field>
    <Field Def="u8 GuardianOfForest">
      <DisplayName>マップ守護霊(森)</DisplayName>
      <Description>マップ守護霊（森）のエスト回復数</Description>
      <SortID>6000</SortID>
    </Field>
    <Field Def="u8 GuardianOfAnor">
      <DisplayName>マップ守護霊(アノール)</DisplayName>
      <Description>マップ守護霊(アノール)のエスト回復数</Description>
      <SortID>6100</SortID>
    </Field>
    <Field Def="u8 BattleRoyal">
      <DisplayName>闘技場</DisplayName>
      <Description>闘技場のエスト回復数</Description>
      <SortID>7000</SortID>
    </Field>
    <Field Def="u8 YellowMonk">
      <DisplayName>黄衣の翁</DisplayName>
      <Description>黄衣の翁のエスト回復数</Description>
      <SortID>7100</SortID>
    </Field>
    <Field Def="dummy8 pad1[48]">
      <DisplayName>pad</DisplayName>
      <SortID>7101</SortID>
    </Field>
  </Fields>
</PARAMDEF>