﻿<?xml version="1.0" encoding="utf-8"?>
<PARAMDEF XmlVersion="2">
  <ParamType>OBJ_ACT_PARAM_ST</ParamType>
  <DataVersion>2</DataVersion>
  <BigEndian>False</BigEndian>
  <Unicode>True</Unicode>
  <FormatVersion>203</FormatVersion>
  <Fields>
    <Field Def="s32 actionEnableMsgId = -1">
      <DisplayName>アクション有効時のMsgID</DisplayName>
      <Description>アクションが有効時に表示するメニューのMsgIDです。</Description>
      <Minimum>-1</Minimum>
      <Maximum>99999999</Maximum>
      <SortID>9000</SortID>
    </Field>
    <Field Def="s32 actionFailedMsgId = -1">
      <DisplayName>アクション失敗時のMsgID</DisplayName>
      <Description>アクションが失敗時に表示するメニューのMsgIDです。</Description>
      <Minimum>-1</Minimum>
      <Maximum>99999999</Maximum>
      <SortID>10000</SortID>
    </Field>
    <Field Def="u32 spQualifiedPassEventFlag">
      <DisplayName>特殊条件パス用イベントフラグ</DisplayName>
      <Description>特殊条件を無条件パスするためのイベントフラグ.</Description>
      <DisplayFormat>%u</DisplayFormat>
      <Maximum>-294967297</Maximum>
      <SortID>8500</SortID>
    </Field>
    <Field Def="u32 playerAnimId">
      <DisplayName>プレイヤのアニメID0</DisplayName>
      <Description>プレイヤーキャラのアクション時のアニメIDです。</Description>
      <Maximum>999999999</Maximum>
      <SortID>5000</SortID>
    </Field>
    <Field Def="u32 chrAnimId">
      <DisplayName>キャラのアニメID0</DisplayName>
      <Description>敵などのアクション時のアニメID</Description>
      <Maximum>999999999</Maximum>
      <SortID>6000</SortID>
    </Field>
    <Field Def="u16 validDist = 150">
      <DisplayName>アクションの有効距離[cm]</DisplayName>
      <Description>アクションの有効距離です。</Description>
      <Maximum>60000</Maximum>
      <SortID>3000</SortID>
    </Field>
    <Field Def="u16 spQualifiedId">
      <DisplayName>特殊条件のID</DisplayName>
      <Description>特殊条件のID</Description>
      <Maximum>9999</Maximum>
      <SortID>8000</SortID>
    </Field>
    <Field Def="u16 spQualifiedId2">
      <DisplayName>特殊条件のID 2</DisplayName>
      <Description>特殊条件のIDその2</Description>
      <Maximum>9999</Maximum>
      <SortID>8011</SortID>
    </Field>
    <Field Def="u8 objDummyId">
      <DisplayName>オブジェのダミポリID0</DisplayName>
      <Description>オブジェクトのアクション位置となるダミポリIDです</Description>
      <SortID>1000</SortID>
    </Field>
    <Field Def="u8 isEventKickSync">
      <DisplayName>イベントキックを同期させるか</DisplayName>
      <Enum>BOOL_CIRCLECROSS_TYPE</Enum>
      <Description>ObjAct実行判定で使用されるイベントを同期させるか。基本×に設定する。アクターが重要ではない場合のみ○に設定しても良い。</Description>
      <Maximum>1</Maximum>
      <SortID>950</SortID>
    </Field>
    <Field Def="u32 objAnimId">
      <DisplayName>オブジェのアニメID0</DisplayName>
      <Description>オブジェクトのアクション時のアニメＩＤです。</Description>
      <Maximum>999999999</Maximum>
      <SortID>2000</SortID>
    </Field>
    <Field Def="u8 validPlayerAngle = 30">
      <DisplayName>プレイヤのアクション有効角度</DisplayName>
      <Description>プレイヤのアクションの有効角度です。プレイヤの向きベクトルとオブジェへの方向ベクトルの有効角度差</Description>
      <Maximum>180</Maximum>
      <SortID>4000</SortID>
    </Field>
    <Field Def="u8 spQualifiedType">
      <DisplayName>特殊条件のタイプ</DisplayName>
      <Enum>OBJACT_SP_QUALIFIED_TYPE</Enum>
      <Description>特殊条件の種類</Description>
      <SortID>7000</SortID>
    </Field>
    <Field Def="u8 spQualifiedType2">
      <DisplayName>特殊条件のタイプ2</DisplayName>
      <Enum>OBJACT_SP_QUALIFIED_TYPE</Enum>
      <Description>特殊条件の種類2</Description>
      <SortID>8010</SortID>
    </Field>
    <Field Def="u8 validObjAngle = 30">
      <DisplayName>オブジェのアクション有効角度</DisplayName>
      <Description>オブジェのアクション有効角度です。オブジェのアクションベクトルとキャラベクトルの有効角度差</Description>
      <Maximum>180</Maximum>
      <SortID>4500</SortID>
    </Field>
    <Field Def="u8 chrSorbType">
      <DisplayName>キャラの吸着タイプ</DisplayName>
      <Enum>OBJACT_CHR_SORB_TYPE</Enum>
      <Description>オブジェアクション時のキャラの吸着方法です</Description>
      <SortID>1500</SortID>
    </Field>
    <Field Def="u8 eventKickTiming">
      <DisplayName>イベント発動タイミング</DisplayName>
      <Enum>OBJACT_EVENT_KICK_TIMING</Enum>
      <Description>イベントの実行タイミング</Description>
      <SortID>900</SortID>
    </Field>
    <Field Def="dummy8 pad1[2]">
      <SortID>13001</SortID>
    </Field>
    <Field Def="s32 actionButtonParamId = -1">
      <DisplayName>アクションボタンパラメータID</DisplayName>
      <Description>アクションボタンパラメータID</Description>
      <Minimum>-1</Minimum>
      <Maximum>99999999</Maximum>
      <SortID>100</SortID>
    </Field>
    <Field Def="f32 enableTreasureDelaySec">
      <DisplayName>宝有効化ディレイ(秒)</DisplayName>
      <Description>オブジェアクション実行から宝有効化までの秒数。オブジェアクトのオブジェタイプ「宝箱」専用の設定。</Description>
      <Minimum>0</Minimum>
      <Maximum>1E+09</Maximum>
      <SortID>11000</SortID>
    </Field>
    <Field Def="s32 preActionSfxDmypolyId = -1">
      <DisplayName>実行前SFX用ダミポリID</DisplayName>
      <Description>オブジェアクト実行前のときにこのダミポリIDからSFXを出す。-1なら原点から出す。</Description>
      <Minimum>-1</Minimum>
      <Maximum>999999999</Maximum>
      <SortID>12000</SortID>
    </Field>
    <Field Def="s32 preActionSfxId = -1">
      <DisplayName>実行前SFXID</DisplayName>
      <Description>オブジェアクト実行前のときに出すSFX。-1なら出さない。</Description>
      <Minimum>-1</Minimum>
      <Maximum>999999999</Maximum>
      <SortID>13000</SortID>
    </Field>
    
    <Field Def="dummy8 pad2_old[40]" RemovedVersion="11210015" />
    
    <Field Def="u8 unknown_0x38" FirstVersion="11210015" />
    <Field Def="u8 unknown_0x3c" FirstVersion="11210015" />
    <Field Def="u8 unknown_0x40" FirstVersion="11210015" />
    <Field Def="u8 unknown_0x44" FirstVersion="11210015" />
    <Field Def="u8 unknown_0x48" FirstVersion="11210015" />
    <Field Def="u8 unknown_0x4c" FirstVersion="11210015" />
    
    <Field Def="dummy8 pad2[34]" FirstVersion="11210015" >
      <SortID>13002</SortID>
    </Field>
  </Fields>
</PARAMDEF>