﻿<?xml version="1.0" encoding="utf-8"?>
<PARAMDEF XmlVersion="2">
  <ParamType>POSTURE_CONTROL_PARAM_GENDER_ST</ParamType>
  <DataVersion>1</DataVersion>
  <BigEndian>False</BigEndian>
  <Unicode>True</Unicode>
  <FormatVersion>203</FormatVersion>
  <Fields>
    <Field Def="s16 a000_rightElbowIO">
      <DisplayName>右肘_内外</DisplayName>
      <Description>右肘_内外</Description>
      <Minimum>-180</Minimum>
      <Maximum>180</Maximum>
      <SortID>1</SortID>
      <UnkC8>a000</UnkC8>
    </Field>
    <Field Def="s16 a000_leftElbowIO">
      <DisplayName>左肘_内外</DisplayName>
      <Description>左肘_内外</Description>
      <Minimum>-180</Minimum>
      <Maximum>180</Maximum>
      <SortID>2</SortID>
      <UnkC8>a000</UnkC8>
    </Field>
    <Field Def="s16 a000_bothLegsIO">
      <DisplayName>両足_内外</DisplayName>
      <Description>両足_内外</Description>
      <Minimum>-180</Minimum>
      <Maximum>180</Maximum>
      <SortID>3</SortID>
      <UnkC8>a000</UnkC8>
    </Field>
    <Field Def="s16 a002_rightElbowIO">
      <DisplayName>右肘_内外</DisplayName>
      <Description>右肘_内外</Description>
      <Minimum>-180</Minimum>
      <Maximum>180</Maximum>
      <SortID>4</SortID>
      <UnkC8>a002</UnkC8>
    </Field>
    <Field Def="s16 a002_leftElbowIO">
      <DisplayName>左肘_内外</DisplayName>
      <Description>左肘_内外</Description>
      <Minimum>-180</Minimum>
      <Maximum>180</Maximum>
      <SortID>5</SortID>
      <UnkC8>a002</UnkC8>
    </Field>
    <Field Def="s16 a002_bothLegsIO">
      <DisplayName>両足_内外</DisplayName>
      <Description>両足_内外</Description>
      <Minimum>-180</Minimum>
      <Maximum>180</Maximum>
      <SortID>6</SortID>
      <UnkC8>a002</UnkC8>
    </Field>
    <Field Def="s16 a003_rightElbowIO">
      <DisplayName>右肘_内外</DisplayName>
      <Description>右肘_内外</Description>
      <Minimum>-180</Minimum>
      <Maximum>180</Maximum>
      <SortID>7</SortID>
      <UnkC8>a003</UnkC8>
    </Field>
    <Field Def="s16 a003_leftElbowIO">
      <DisplayName>左肘_内外</DisplayName>
      <Description>左肘_内外</Description>
      <Minimum>-180</Minimum>
      <Maximum>180</Maximum>
      <SortID>8</SortID>
      <UnkC8>a003</UnkC8>
    </Field>
    <Field Def="s16 a003_bothLegsIO">
      <DisplayName>両足_内外</DisplayName>
      <Description>両足_内外</Description>
      <Minimum>-180</Minimum>
      <Maximum>180</Maximum>
      <SortID>9</SortID>
      <UnkC8>a003</UnkC8>
    </Field>
    <Field Def="s16 a010_rightElbowIO">
      <DisplayName>右肘_内外</DisplayName>
      <Description>右肘_内外</Description>
      <Minimum>-180</Minimum>
      <Maximum>180</Maximum>
      <SortID>10</SortID>
      <UnkC8>a010</UnkC8>
    </Field>
    <Field Def="s16 a010_leftElbowIO">
      <DisplayName>左肘_内外</DisplayName>
      <Description>左肘_内外</Description>
      <Minimum>-180</Minimum>
      <Maximum>180</Maximum>
      <SortID>11</SortID>
      <UnkC8>a010</UnkC8>
    </Field>
    <Field Def="s16 a010_bothLegsIO">
      <DisplayName>両足_内外</DisplayName>
      <Description>両足_内外</Description>
      <Minimum>-180</Minimum>
      <Maximum>180</Maximum>
      <SortID>12</SortID>
      <UnkC8>a010</UnkC8>
    </Field>
    <Field Def="s16 a012_rightElbowIO">
      <DisplayName>右肘_内外</DisplayName>
      <Description>右肘_内外</Description>
      <Minimum>-180</Minimum>
      <Maximum>180</Maximum>
      <SortID>13</SortID>
      <UnkC8>a012</UnkC8>
    </Field>
    <Field Def="s16 a012_leftElbowIO">
      <DisplayName>左肘_内外</DisplayName>
      <Description>左肘_内外</Description>
      <Minimum>-180</Minimum>
      <Maximum>180</Maximum>
      <SortID>14</SortID>
      <UnkC8>a012</UnkC8>
    </Field>
    <Field Def="s16 a012_bothLegsIO">
      <DisplayName>両足_内外</DisplayName>
      <Description>両足_内外</Description>
      <Minimum>-180</Minimum>
      <Maximum>180</Maximum>
      <SortID>15</SortID>
      <UnkC8>a012</UnkC8>
    </Field>
    <Field Def="s16 a013_rightElbowIO">
      <DisplayName>右肘_内外</DisplayName>
      <Description>右肘_内外</Description>
      <Minimum>-180</Minimum>
      <Maximum>180</Maximum>
      <SortID>16</SortID>
      <UnkC8>a013</UnkC8>
    </Field>
    <Field Def="s16 a013_leftElbowIO">
      <DisplayName>左肘_内外</DisplayName>
      <Description>左肘_内外</Description>
      <Minimum>-180</Minimum>
      <Maximum>180</Maximum>
      <SortID>17</SortID>
      <UnkC8>a013</UnkC8>
    </Field>
    <Field Def="s16 a013_bothLegsIO">
      <DisplayName>両足_内外</DisplayName>
      <Description>両足_内外</Description>
      <Minimum>-180</Minimum>
      <Maximum>180</Maximum>
      <SortID>18</SortID>
      <UnkC8>a013</UnkC8>
    </Field>
    <Field Def="s16 a014_rightElbowIO">
      <DisplayName>右肘_内外</DisplayName>
      <Description>右肘_内外</Description>
      <Minimum>-180</Minimum>
      <Maximum>180</Maximum>
      <SortID>19</SortID>
      <UnkC8>a014</UnkC8>
    </Field>
    <Field Def="s16 a014_leftElbowIO">
      <DisplayName>左肘_内外</DisplayName>
      <Description>左肘_内外</Description>
      <Minimum>-180</Minimum>
      <Maximum>180</Maximum>
      <SortID>20</SortID>
      <UnkC8>a014</UnkC8>
    </Field>
    <Field Def="s16 a014_bothLegsIO">
      <DisplayName>両足_内外</DisplayName>
      <Description>両足_内外</Description>
      <Minimum>-180</Minimum>
      <Maximum>180</Maximum>
      <SortID>21</SortID>
      <UnkC8>a014</UnkC8>
    </Field>
    <Field Def="s16 a015_rightElbowIO">
      <DisplayName>右肘_内外</DisplayName>
      <Description>右肘_内外</Description>
      <Minimum>-180</Minimum>
      <Maximum>180</Maximum>
      <SortID>22</SortID>
      <UnkC8>a015</UnkC8>
    </Field>
    <Field Def="s16 a015_leftElbowIO">
      <DisplayName>左肘_内外</DisplayName>
      <Description>左肘_内外</Description>
      <Minimum>-180</Minimum>
      <Maximum>180</Maximum>
      <SortID>23</SortID>
      <UnkC8>a015</UnkC8>
    </Field>
    <Field Def="s16 a015_bothLegsIO">
      <DisplayName>両足_内外</DisplayName>
      <Description>両足_内外</Description>
      <Minimum>-180</Minimum>
      <Maximum>180</Maximum>
      <SortID>24</SortID>
      <UnkC8>a015</UnkC8>
    </Field>
    <Field Def="s16 a016_rightElbowIO">
      <DisplayName>右肘_内外</DisplayName>
      <Description>右肘_内外</Description>
      <Minimum>-180</Minimum>
      <Maximum>180</Maximum>
      <SortID>25</SortID>
      <UnkC8>a016</UnkC8>
    </Field>
    <Field Def="s16 a016_leftElbowIO">
      <DisplayName>左肘_内外</DisplayName>
      <Description>左肘_内外</Description>
      <Minimum>-180</Minimum>
      <Maximum>180</Maximum>
      <SortID>26</SortID>
      <UnkC8>a016</UnkC8>
    </Field>
    <Field Def="s16 a016_bothLegsIO">
      <DisplayName>両足_内外</DisplayName>
      <Description>両足_内外</Description>
      <Minimum>-180</Minimum>
      <Maximum>180</Maximum>
      <SortID>27</SortID>
      <UnkC8>a016</UnkC8>
    </Field>
    <Field Def="dummy8 pad[10]">
      <DisplayFormat>%d</DisplayFormat>
      <EditFlags>Wrap</EditFlags>
      <SortID>29</SortID>
    </Field>
  </Fields>
</PARAMDEF>