﻿<?xml version="1.0" encoding="utf-8"?>
<PARAMDEF XmlVersion="2">
  <ParamType>RANDOM_APPEAR_PARAM_ST</ParamType>
  <DataVersion>1</DataVersion>
  <BigEndian>False</BigEndian>
  <Unicode>True</Unicode>
  <FormatVersion>203</FormatVersion>
  <Fields>
    <Field Def="u8 slot0:1">
      <DisplayName>抽選スロットID0</DisplayName>
      <Description>スロットが当選した場合に出現するか</Description>
      <Maximum>1</Maximum>
      <SortID>1</SortID>
    </Field>
    <Field Def="u8 slot1:1">
      <DisplayName>抽選スロットID1</DisplayName>
      <Description>スロットが当選した場合に出現するか</Description>
      <Maximum>1</Maximum>
      <SortID>2</SortID>
    </Field>
    <Field Def="u8 slot2:1">
      <DisplayName>抽選スロットID2</DisplayName>
      <Description>スロットが当選した場合に出現するか</Description>
      <Maximum>1</Maximum>
      <SortID>3</SortID>
    </Field>
    <Field Def="u8 slot3:1">
      <DisplayName>抽選スロットID3</DisplayName>
      <Description>スロットが当選した場合に出現するか</Description>
      <Maximum>1</Maximum>
      <SortID>4</SortID>
    </Field>
    <Field Def="u8 slot4:1">
      <DisplayName>抽選スロットID4</DisplayName>
      <Description>スロットが当選した場合に出現するか</Description>
      <Maximum>1</Maximum>
      <SortID>5</SortID>
    </Field>
    <Field Def="u8 slot5:1">
      <DisplayName>抽選スロットID5</DisplayName>
      <Description>スロットが当選した場合に出現するか</Description>
      <Maximum>1</Maximum>
      <SortID>6</SortID>
    </Field>
    <Field Def="u8 slot6:1">
      <DisplayName>抽選スロットID6</DisplayName>
      <Description>スロットが当選した場合に出現するか</Description>
      <Maximum>1</Maximum>
      <SortID>7</SortID>
    </Field>
    <Field Def="u8 slot7:1">
      <DisplayName>抽選スロットID7</DisplayName>
      <Description>スロットが当選した場合に出現するか</Description>
      <Maximum>1</Maximum>
      <SortID>8</SortID>
    </Field>
    <Field Def="u8 slot8:1">
      <DisplayName>抽選スロットID8</DisplayName>
      <Description>スロットが当選した場合に出現するか</Description>
      <Maximum>1</Maximum>
      <SortID>9</SortID>
    </Field>
    <Field Def="u8 slot9:1">
      <DisplayName>抽選スロットID9</DisplayName>
      <Description>スロットが当選した場合に出現するか</Description>
      <Maximum>1</Maximum>
      <SortID>10</SortID>
    </Field>
    <Field Def="u8 slot10:1">
      <DisplayName>抽選スロットID10</DisplayName>
      <Description>スロットが当選した場合に出現するか</Description>
      <Maximum>1</Maximum>
      <SortID>11</SortID>
    </Field>
    <Field Def="u8 slot11:1">
      <DisplayName>抽選スロットID11</DisplayName>
      <Description>スロットが当選した場合に出現するか</Description>
      <Maximum>1</Maximum>
      <SortID>12</SortID>
    </Field>
    <Field Def="u8 slot12:1">
      <DisplayName>抽選スロットID12</DisplayName>
      <Description>スロットが当選した場合に出現するか</Description>
      <Maximum>1</Maximum>
      <SortID>13</SortID>
    </Field>
    <Field Def="u8 slot13:1">
      <DisplayName>抽選スロットID13</DisplayName>
      <Description>スロットが当選した場合に出現するか</Description>
      <Maximum>1</Maximum>
      <SortID>14</SortID>
    </Field>
    <Field Def="u8 slot14:1">
      <DisplayName>抽選スロットID14</DisplayName>
      <Description>スロットが当選した場合に出現するか</Description>
      <Maximum>1</Maximum>
      <SortID>15</SortID>
    </Field>
    <Field Def="u8 slot15:1">
      <DisplayName>抽選スロットID15</DisplayName>
      <Description>スロットが当選した場合に出現するか</Description>
      <Maximum>1</Maximum>
      <SortID>16</SortID>
    </Field>
    <Field Def="u8 slot16:1">
      <DisplayName>抽選スロットID16</DisplayName>
      <Description>スロットが当選した場合に出現するか</Description>
      <Maximum>1</Maximum>
      <SortID>17</SortID>
    </Field>
    <Field Def="u8 slot17:1">
      <DisplayName>抽選スロットID17</DisplayName>
      <Description>スロットが当選した場合に出現するか</Description>
      <Maximum>1</Maximum>
      <SortID>18</SortID>
    </Field>
    <Field Def="u8 slot18:1">
      <DisplayName>抽選スロットID18</DisplayName>
      <Description>スロットが当選した場合に出現するか</Description>
      <Maximum>1</Maximum>
      <SortID>19</SortID>
    </Field>
    <Field Def="u8 slot19:1">
      <DisplayName>抽選スロットID19</DisplayName>
      <Description>スロットが当選した場合に出現するか</Description>
      <Maximum>1</Maximum>
      <SortID>20</SortID>
    </Field>
    <Field Def="u8 slot20:1">
      <DisplayName>抽選スロットID20</DisplayName>
      <Description>スロットが当選した場合に出現するか</Description>
      <Maximum>1</Maximum>
      <SortID>21</SortID>
    </Field>
    <Field Def="u8 slot21:1">
      <DisplayName>抽選スロットID21</DisplayName>
      <Description>スロットが当選した場合に出現するか</Description>
      <Maximum>1</Maximum>
      <SortID>22</SortID>
    </Field>
    <Field Def="u8 slot22:1">
      <DisplayName>抽選スロットID22</DisplayName>
      <Description>スロットが当選した場合に出現するか</Description>
      <Maximum>1</Maximum>
      <SortID>23</SortID>
    </Field>
    <Field Def="u8 slot23:1">
      <DisplayName>抽選スロットID23</DisplayName>
      <Description>スロットが当選した場合に出現するか</Description>
      <Maximum>1</Maximum>
      <SortID>24</SortID>
    </Field>
    <Field Def="u8 slot24:1">
      <DisplayName>抽選スロットID24</DisplayName>
      <Description>スロットが当選した場合に出現するか</Description>
      <Maximum>1</Maximum>
      <SortID>25</SortID>
    </Field>
    <Field Def="u8 slot25:1">
      <DisplayName>抽選スロットID25</DisplayName>
      <Description>スロットが当選した場合に出現するか</Description>
      <Maximum>1</Maximum>
      <SortID>26</SortID>
    </Field>
    <Field Def="u8 slot26:1">
      <DisplayName>抽選スロットID26</DisplayName>
      <Description>スロットが当選した場合に出現するか</Description>
      <Maximum>1</Maximum>
      <SortID>27</SortID>
    </Field>
    <Field Def="u8 slot27:1">
      <DisplayName>抽選スロットID27</DisplayName>
      <Description>スロットが当選した場合に出現するか</Description>
      <Maximum>1</Maximum>
      <SortID>28</SortID>
    </Field>
    <Field Def="u8 slot28:1">
      <DisplayName>抽選スロットID28</DisplayName>
      <Description>スロットが当選した場合に出現するか</Description>
      <Maximum>1</Maximum>
      <SortID>29</SortID>
    </Field>
    <Field Def="u8 slot29:1">
      <DisplayName>抽選スロットID29</DisplayName>
      <Description>スロットが当選した場合に出現するか</Description>
      <Maximum>1</Maximum>
      <SortID>30</SortID>
    </Field>
    <Field Def="u8 slot30:1">
      <DisplayName>抽選スロットID30</DisplayName>
      <Description>スロットが当選した場合に出現するか</Description>
      <Maximum>1</Maximum>
      <SortID>31</SortID>
    </Field>
    <Field Def="u8 slot31:1">
      <DisplayName>抽選スロットID31</DisplayName>
      <Description>スロットが当選した場合に出現するか</Description>
      <Maximum>1</Maximum>
      <SortID>32</SortID>
    </Field>
    <Field Def="u8 slot32:1">
      <DisplayName>抽選スロットID32</DisplayName>
      <Description>スロットが当選した場合に出現するか</Description>
      <Maximum>1</Maximum>
      <SortID>33</SortID>
    </Field>
    <Field Def="u8 slot33:1">
      <DisplayName>抽選スロットID33</DisplayName>
      <Description>スロットが当選した場合に出現するか</Description>
      <Maximum>1</Maximum>
      <SortID>34</SortID>
    </Field>
    <Field Def="u8 slot34:1">
      <DisplayName>抽選スロットID34</DisplayName>
      <Description>スロットが当選した場合に出現するか</Description>
      <Maximum>1</Maximum>
      <SortID>35</SortID>
    </Field>
    <Field Def="u8 slot35:1">
      <DisplayName>抽選スロットID35</DisplayName>
      <Description>スロットが当選した場合に出現するか</Description>
      <Maximum>1</Maximum>
      <SortID>36</SortID>
    </Field>
    <Field Def="u8 slot36:1">
      <DisplayName>抽選スロットID36</DisplayName>
      <Description>スロットが当選した場合に出現するか</Description>
      <Maximum>1</Maximum>
      <SortID>37</SortID>
    </Field>
    <Field Def="u8 slot37:1">
      <DisplayName>抽選スロットID37</DisplayName>
      <Description>スロットが当選した場合に出現するか</Description>
      <Maximum>1</Maximum>
      <SortID>38</SortID>
    </Field>
    <Field Def="u8 slot38:1">
      <DisplayName>抽選スロットID38</DisplayName>
      <Description>スロットが当選した場合に出現するか</Description>
      <Maximum>1</Maximum>
      <SortID>39</SortID>
    </Field>
    <Field Def="u8 slot39:1">
      <DisplayName>抽選スロットID39</DisplayName>
      <Description>スロットが当選した場合に出現するか</Description>
      <Maximum>1</Maximum>
      <SortID>40</SortID>
    </Field>
    <Field Def="u8 slot40:1">
      <DisplayName>抽選スロットID40</DisplayName>
      <Description>スロットが当選した場合に出現するか</Description>
      <Maximum>1</Maximum>
      <SortID>41</SortID>
    </Field>
    <Field Def="u8 slot41:1">
      <DisplayName>抽選スロットID41</DisplayName>
      <Description>スロットが当選した場合に出現するか</Description>
      <Maximum>1</Maximum>
      <SortID>42</SortID>
    </Field>
    <Field Def="u8 slot42:1">
      <DisplayName>抽選スロットID42</DisplayName>
      <Description>スロットが当選した場合に出現するか</Description>
      <Maximum>1</Maximum>
      <SortID>43</SortID>
    </Field>
    <Field Def="u8 slot43:1">
      <DisplayName>抽選スロットID43</DisplayName>
      <Description>スロットが当選した場合に出現するか</Description>
      <Maximum>1</Maximum>
      <SortID>44</SortID>
    </Field>
    <Field Def="u8 slot44:1">
      <DisplayName>抽選スロットID44</DisplayName>
      <Description>スロットが当選した場合に出現するか</Description>
      <Maximum>1</Maximum>
      <SortID>45</SortID>
    </Field>
    <Field Def="u8 slot45:1">
      <DisplayName>抽選スロットID45</DisplayName>
      <Description>スロットが当選した場合に出現するか</Description>
      <Maximum>1</Maximum>
      <SortID>46</SortID>
    </Field>
    <Field Def="u8 slot46:1">
      <DisplayName>抽選スロットID46</DisplayName>
      <Description>スロットが当選した場合に出現するか</Description>
      <Maximum>1</Maximum>
      <SortID>47</SortID>
    </Field>
    <Field Def="u8 slot47:1">
      <DisplayName>抽選スロットID47</DisplayName>
      <Description>スロットが当選した場合に出現するか</Description>
      <Maximum>1</Maximum>
      <SortID>48</SortID>
    </Field>
    <Field Def="u8 slot48:1">
      <DisplayName>抽選スロットID48</DisplayName>
      <Description>スロットが当選した場合に出現するか</Description>
      <Maximum>1</Maximum>
      <SortID>49</SortID>
    </Field>
    <Field Def="u8 slot49:1">
      <DisplayName>抽選スロットID49</DisplayName>
      <Description>スロットが当選した場合に出現するか</Description>
      <Maximum>1</Maximum>
      <SortID>50</SortID>
    </Field>
    <Field Def="u8 slot50:1">
      <DisplayName>抽選スロットID50</DisplayName>
      <Description>スロットが当選した場合に出現するか</Description>
      <Maximum>1</Maximum>
      <SortID>51</SortID>
    </Field>
    <Field Def="u8 slot51:1">
      <DisplayName>抽選スロットID51</DisplayName>
      <Description>スロットが当選した場合に出現するか</Description>
      <Maximum>1</Maximum>
      <SortID>52</SortID>
    </Field>
    <Field Def="u8 slot52:1">
      <DisplayName>抽選スロットID52</DisplayName>
      <Description>スロットが当選した場合に出現するか</Description>
      <Maximum>1</Maximum>
      <SortID>53</SortID>
    </Field>
    <Field Def="u8 slot53:1">
      <DisplayName>抽選スロットID53</DisplayName>
      <Description>スロットが当選した場合に出現するか</Description>
      <Maximum>1</Maximum>
      <SortID>54</SortID>
    </Field>
    <Field Def="u8 slot54:1">
      <DisplayName>抽選スロットID54</DisplayName>
      <Description>スロットが当選した場合に出現するか</Description>
      <Maximum>1</Maximum>
      <SortID>55</SortID>
    </Field>
    <Field Def="u8 slot55:1">
      <DisplayName>抽選スロットID55</DisplayName>
      <Description>スロットが当選した場合に出現するか</Description>
      <Maximum>1</Maximum>
      <SortID>56</SortID>
    </Field>
    <Field Def="u8 slot56:1">
      <DisplayName>抽選スロットID56</DisplayName>
      <Description>スロットが当選した場合に出現するか</Description>
      <Maximum>1</Maximum>
      <SortID>57</SortID>
    </Field>
    <Field Def="u8 slot57:1">
      <DisplayName>抽選スロットID57</DisplayName>
      <Description>スロットが当選した場合に出現するか</Description>
      <Maximum>1</Maximum>
      <SortID>58</SortID>
    </Field>
    <Field Def="u8 slot58:1">
      <DisplayName>抽選スロットID58</DisplayName>
      <Description>スロットが当選した場合に出現するか</Description>
      <Maximum>1</Maximum>
      <SortID>59</SortID>
    </Field>
    <Field Def="u8 slot59:1">
      <DisplayName>抽選スロットID59</DisplayName>
      <Description>スロットが当選した場合に出現するか</Description>
      <Maximum>1</Maximum>
      <SortID>60</SortID>
    </Field>
    <Field Def="u8 slot60:1">
      <DisplayName>抽選スロットID60</DisplayName>
      <Description>スロットが当選した場合に出現するか</Description>
      <Maximum>1</Maximum>
      <SortID>61</SortID>
    </Field>
    <Field Def="u8 slot61:1">
      <DisplayName>抽選スロットID61</DisplayName>
      <Description>スロットが当選した場合に出現するか</Description>
      <Maximum>1</Maximum>
      <SortID>62</SortID>
    </Field>
    <Field Def="u8 slot62:1">
      <DisplayName>抽選スロットID62</DisplayName>
      <Description>スロットが当選した場合に出現するか</Description>
      <Maximum>1</Maximum>
      <SortID>63</SortID>
    </Field>
    <Field Def="u8 slot63:1">
      <DisplayName>抽選スロットID63</DisplayName>
      <Description>スロットが当選した場合に出現するか</Description>
      <Maximum>1</Maximum>
      <SortID>64</SortID>
    </Field>
    <Field Def="u8 slot64:1">
      <DisplayName>抽選スロットID64</DisplayName>
      <Description>スロットが当選した場合に出現するか</Description>
      <Maximum>1</Maximum>
      <SortID>65</SortID>
    </Field>
    <Field Def="u8 slot65:1">
      <DisplayName>抽選スロットID65</DisplayName>
      <Description>スロットが当選した場合に出現するか</Description>
      <Maximum>1</Maximum>
      <SortID>66</SortID>
    </Field>
    <Field Def="u8 slot66:1">
      <DisplayName>抽選スロットID66</DisplayName>
      <Description>スロットが当選した場合に出現するか</Description>
      <Maximum>1</Maximum>
      <SortID>67</SortID>
    </Field>
    <Field Def="u8 slot67:1">
      <DisplayName>抽選スロットID67</DisplayName>
      <Description>スロットが当選した場合に出現するか</Description>
      <Maximum>1</Maximum>
      <SortID>68</SortID>
    </Field>
    <Field Def="u8 slot68:1">
      <DisplayName>抽選スロットID68</DisplayName>
      <Description>スロットが当選した場合に出現するか</Description>
      <Maximum>1</Maximum>
      <SortID>69</SortID>
    </Field>
    <Field Def="u8 slot69:1">
      <DisplayName>抽選スロットID69</DisplayName>
      <Description>スロットが当選した場合に出現するか</Description>
      <Maximum>1</Maximum>
      <SortID>70</SortID>
    </Field>
    <Field Def="u8 slot70:1">
      <DisplayName>抽選スロットID70</DisplayName>
      <Description>スロットが当選した場合に出現するか</Description>
      <Maximum>1</Maximum>
      <SortID>71</SortID>
    </Field>
    <Field Def="u8 slot71:1">
      <DisplayName>抽選スロットID71</DisplayName>
      <Description>スロットが当選した場合に出現するか</Description>
      <Maximum>1</Maximum>
      <SortID>72</SortID>
    </Field>
    <Field Def="u8 slot72:1">
      <DisplayName>抽選スロットID72</DisplayName>
      <Description>スロットが当選した場合に出現するか</Description>
      <Maximum>1</Maximum>
      <SortID>73</SortID>
    </Field>
    <Field Def="u8 slot73:1">
      <DisplayName>抽選スロットID73</DisplayName>
      <Description>スロットが当選した場合に出現するか</Description>
      <Maximum>1</Maximum>
      <SortID>74</SortID>
    </Field>
    <Field Def="u8 slot74:1">
      <DisplayName>抽選スロットID74</DisplayName>
      <Description>スロットが当選した場合に出現するか</Description>
      <Maximum>1</Maximum>
      <SortID>75</SortID>
    </Field>
    <Field Def="u8 slot75:1">
      <DisplayName>抽選スロットID75</DisplayName>
      <Description>スロットが当選した場合に出現するか</Description>
      <Maximum>1</Maximum>
      <SortID>76</SortID>
    </Field>
    <Field Def="u8 slot76:1">
      <DisplayName>抽選スロットID76</DisplayName>
      <Description>スロットが当選した場合に出現するか</Description>
      <Maximum>1</Maximum>
      <SortID>77</SortID>
    </Field>
    <Field Def="u8 slot77:1">
      <DisplayName>抽選スロットID77</DisplayName>
      <Description>スロットが当選した場合に出現するか</Description>
      <Maximum>1</Maximum>
      <SortID>78</SortID>
    </Field>
    <Field Def="u8 slot78:1">
      <DisplayName>抽選スロットID78</DisplayName>
      <Description>スロットが当選した場合に出現するか</Description>
      <Maximum>1</Maximum>
      <SortID>79</SortID>
    </Field>
    <Field Def="u8 slot79:1">
      <DisplayName>抽選スロットID79</DisplayName>
      <Description>スロットが当選した場合に出現するか</Description>
      <Maximum>1</Maximum>
      <SortID>80</SortID>
    </Field>
    <Field Def="u8 slot80:1">
      <DisplayName>抽選スロットID80</DisplayName>
      <Description>スロットが当選した場合に出現するか</Description>
      <Maximum>1</Maximum>
      <SortID>81</SortID>
    </Field>
    <Field Def="u8 slot81:1">
      <DisplayName>抽選スロットID81</DisplayName>
      <Description>スロットが当選した場合に出現するか</Description>
      <Maximum>1</Maximum>
      <SortID>82</SortID>
    </Field>
    <Field Def="u8 slot82:1">
      <DisplayName>抽選スロットID82</DisplayName>
      <Description>スロットが当選した場合に出現するか</Description>
      <Maximum>1</Maximum>
      <SortID>83</SortID>
    </Field>
    <Field Def="u8 slot83:1">
      <DisplayName>抽選スロットID83</DisplayName>
      <Description>スロットが当選した場合に出現するか</Description>
      <Maximum>1</Maximum>
      <SortID>84</SortID>
    </Field>
    <Field Def="u8 slot84:1">
      <DisplayName>抽選スロットID84</DisplayName>
      <Description>スロットが当選した場合に出現するか</Description>
      <Maximum>1</Maximum>
      <SortID>85</SortID>
    </Field>
    <Field Def="u8 slot85:1">
      <DisplayName>抽選スロットID85</DisplayName>
      <Description>スロットが当選した場合に出現するか</Description>
      <Maximum>1</Maximum>
      <SortID>86</SortID>
    </Field>
    <Field Def="u8 slot86:1">
      <DisplayName>抽選スロットID86</DisplayName>
      <Description>スロットが当選した場合に出現するか</Description>
      <Maximum>1</Maximum>
      <SortID>87</SortID>
    </Field>
    <Field Def="u8 slot87:1">
      <DisplayName>抽選スロットID87</DisplayName>
      <Description>スロットが当選した場合に出現するか</Description>
      <Maximum>1</Maximum>
      <SortID>88</SortID>
    </Field>
    <Field Def="u8 slot88:1">
      <DisplayName>抽選スロットID88</DisplayName>
      <Description>スロットが当選した場合に出現するか</Description>
      <Maximum>1</Maximum>
      <SortID>89</SortID>
    </Field>
    <Field Def="u8 slot89:1">
      <DisplayName>抽選スロットID89</DisplayName>
      <Description>スロットが当選した場合に出現するか</Description>
      <Maximum>1</Maximum>
      <SortID>90</SortID>
    </Field>
    <Field Def="u8 slot90:1">
      <DisplayName>抽選スロットID90</DisplayName>
      <Description>スロットが当選した場合に出現するか</Description>
      <Maximum>1</Maximum>
      <SortID>91</SortID>
    </Field>
    <Field Def="u8 slot91:1">
      <DisplayName>抽選スロットID91</DisplayName>
      <Description>スロットが当選した場合に出現するか</Description>
      <Maximum>1</Maximum>
      <SortID>92</SortID>
    </Field>
    <Field Def="u8 slot92:1">
      <DisplayName>抽選スロットID92</DisplayName>
      <Description>スロットが当選した場合に出現するか</Description>
      <Maximum>1</Maximum>
      <SortID>93</SortID>
    </Field>
    <Field Def="u8 slot93:1">
      <DisplayName>抽選スロットID93</DisplayName>
      <Description>スロットが当選した場合に出現するか</Description>
      <Maximum>1</Maximum>
      <SortID>94</SortID>
    </Field>
    <Field Def="u8 slot94:1">
      <DisplayName>抽選スロットID94</DisplayName>
      <Description>スロットが当選した場合に出現するか</Description>
      <Maximum>1</Maximum>
      <SortID>95</SortID>
    </Field>
    <Field Def="u8 slot95:1">
      <DisplayName>抽選スロットID95</DisplayName>
      <Description>スロットが当選した場合に出現するか</Description>
      <Maximum>1</Maximum>
      <SortID>96</SortID>
    </Field>
    <Field Def="u8 slot96:1">
      <DisplayName>抽選スロットID96</DisplayName>
      <Description>スロットが当選した場合に出現するか</Description>
      <Maximum>1</Maximum>
      <SortID>97</SortID>
    </Field>
    <Field Def="u8 slot97:1">
      <DisplayName>抽選スロットID97</DisplayName>
      <Description>スロットが当選した場合に出現するか</Description>
      <Maximum>1</Maximum>
      <SortID>98</SortID>
    </Field>
    <Field Def="u8 slot98:1">
      <DisplayName>抽選スロットID98</DisplayName>
      <Description>スロットが当選した場合に出現するか</Description>
      <Maximum>1</Maximum>
      <SortID>99</SortID>
    </Field>
    <Field Def="u8 slot99:1">
      <DisplayName>抽選スロットID99</DisplayName>
      <Description>スロットが当選した場合に出現するか</Description>
      <Maximum>1</Maximum>
      <SortID>100</SortID>
    </Field>
    <Field Def="dummy8 pad:4">
      <SortID>102</SortID>
    </Field>
  </Fields>
</PARAMDEF>