﻿<?xml version="1.0" encoding="utf-8"?>
<PARAMDEF XmlVersion="2">
  <ParamType>SOUND_ASSET_SOUND_OBJ_ENABLE_DIST_PARAM_ST</ParamType>
  <DataVersion>1</DataVersion>
  <BigEndian>False</BigEndian>
  <Unicode>True</Unicode>
  <FormatVersion>203</FormatVersion>
  <Fields>
    <Field Def="f32 SoundObjEnableDist = -1">
      <DisplayName>アセットサウンド音源有効距離設定[m]</DisplayName>
      <Description>アセットサウンド音源有効距離[m](0より小さい:無効)</Description>
      <EditFlags>None</EditFlags>
      <Minimum>-1</Minimum>
      <Maximum>9999</Maximum>
      <Increment>0.1</Increment>
    </Field>
  </Fields>
</PARAMDEF>