﻿<?xml version="1.0" encoding="utf-8"?>
<PARAMDEF XmlVersion="2">
  <ParamType>SOUND_AUTO_ENV_SOUND_GROUP_PARAM_ST</ParamType>
  <DataVersion>0</DataVersion>
  <BigEndian>False</BigEndian>
  <Unicode>True</Unicode>
  <FormatVersion>203</FormatVersion>
  <Fields>
    <Field Def="s32 SoundNo = -1">
      <DisplayName>サウンドNo</DisplayName>
      <Description>再生するサウンドNo (サウンドタイプはa固定)</Description>
      <EditFlags>None</EditFlags>
      <Minimum>-1</Minimum>
      <Maximum>999999999</Maximum>
      <SortID>1</SortID>
    </Field>
    <Field Def="f32 ExpandRange = 100">
      <DisplayName>判定拡張距離</DisplayName>
      <Description>再生判定領域の拡張距離</Description>
      <EditFlags>None</EditFlags>
      <Minimum>0</Minimum>
      <Maximum>99999</Maximum>
      <Increment>1</Increment>
      <SortID>2</SortID>
    </Field>
    <Field Def="f32 FollowSpeed = 0.1">
      <DisplayName>音源追従スピード</DisplayName>
      <Description>実音源の目標位置への追従速度(固定速度)</Description>
      <EditFlags>None</EditFlags>
      <Minimum>0</Minimum>
      <Maximum>999</Maximum>
      <Increment>0.001</Increment>
      <SortID>3</SortID>
    </Field>
    <Field Def="f32 FollowRate = 0.015">
      <DisplayName>音源追従率</DisplayName>
      <Description>実音源の目標位置への追従速度(差分割合)</Description>
      <EditFlags>None</EditFlags>
      <Minimum>0</Minimum>
      <Maximum>999</Maximum>
      <Increment>0.001</Increment>
      <SortID>4</SortID>
    </Field>
  </Fields>
</PARAMDEF>